program,instruction,signature,err,slot,blocktime,fee,staker,auth2,auth3,source,stake_account,validator,misc2,misc3,uiamount
stake,delegate,3ZqJGYxka4rJiW5dZjPWvkrA4coRovTE5CiryhdFeKiPJP7TaZCNJmq1FLxGRwZpYWFbUfmnxA6sV6dTcsmdhzv9,null,159104367,1667509939,0.00001,fTPJNcJn29T6fXcKvJmLyEJ95ujtX3JcZaqWbaCxHut,,,,hyWFFSqXezHgNhydcNSuvhu3meF8kPaQWyUczhkLJw6,7YGvxJu1bp2X3hTctYRKEitkqpXDRSMsDo3LSZVNBXhv,,,
stake,delegate,w5BN7efWSjd8mtDeaJYk4oWMDytvjEuw2yZafEFcvepugE6Aijg99ChqtSsT54ncQ6gnpiNayGPfeuEBpcfJ9n8,null,159104401,1667509956,0.00001,BCvGi3hTqGB6iBjfkqGgSPxfb8cEg4HfjU4UUWEkozay,,,,bNivKeFPaiN3fbyWtHn2RrEvVPZ4eSi9tPKRiuCoGbf,AEf73zebQDu19NGW8R4G8HSoNos2cJe8n3Q1sRTh6XvV,,,
stake,delegate,U4TeEpEcf5rmehyumYWHYB7UgivVsvvu7rAnDEpz1GjebsWC3NTqHeWvk73VwfthJzVerv4N6DB8Lpvms5T8jLS,null,159104325,1667509921,0.00001,CUMSjb54PkEiG3PL4Mqf5zUJAMMfsuSypmuTMe14p1QU,,,,7Dgqy45vbKrVfBJxJryVVjg48si1ErQF2KAhrcGRHBQk,9DyyPH6J3hQAJUc5WHowAxK2wqNPjKY3GCeULaMfg1L2,,,
stake,delegate,HyGex9Cx4Z8tVdxPvKWuL2r1U3dXWi6orhTquXNgeyw4TU7C8CEteccCWZZ7Cuc69TozfWDCGMRddZuCYdHU38k,null,159104288,1667509905,0.00001,AbMXcdBvAiYNoTT56nca7rWzvNb9X8edNwm8CWv843KT,,,,7h2j7SfEuKWjYbAXr9pLahnA2uzhxhHQpCEPLbeho9mT,8d3VenzijrC639xcj4Cwii5rQMBggd81Zk4pDY1tLddi,,,
stake,delegate,3JL2VqVX2R7D8qkwhCWXvHKsXnbjft8mKEQDknRgwo8a6m1MaXAMy15ezu9bAHFxw6M8xajH6Lqz1ByFqY1fG8tE,null,159104249,1667509888,0.00001,4dcbs3ocEEnEuwTgKu2DyVdx9JfTRwQpZrQGFsrCepiV,,,,F7cRD9AjbV2bWfSszhkw4Q7jKmNLKCz9dCXyJMqLgnNK,APsCdoetBykSA9USZ6gQ2YQYSrYBR7Z2M83mg5jG9AJi,,,
stake,delegate,2k5AenQBcQy3MVA1yk1AfS9pzZCny8pEdfVynPeHBccP5Ufx9FbM7ZMmZHTou68G5cFLmXLDva2ANLgD1rKqfUHq,null,159104168,1667509853,0.00001,7yc3XswTFUi1ErA2qXkPk4EvfFXf17ina5W52EqEN3wm,,,,AybTdMomkgW4pD4ozPQMtsKXppXZPXt8QY7AVJrduiAw,5NVTnNN6huDEdoqR9J6Vi99mAEXFRNJqDiMmWuRHSPvJ,,,
stake,delegate,sxvV3Bo5E36WueopEW7oAE3mDXHgkUfGVLWiYyJj8zBvzJ43Xii6VKA9CCeQi7iw39SbvD1PeNxJjb9p8rADBFk,null,159104207,1667509870,0.00001,41eqardFBGEKWVynD4DLnDHwvZpJtoZznWr4sB6MFPJc,,,,7uBpkZuhRCRqdDzo9GbZC5h9SG4rt4u7DykR55DFvHeb,T3HspUFX2d3avFTNqbNPUqz9R2tVLfxVFwszQ8QpdMH,,,
stake,delegate,5rgU6E34qNfrQ1GDzfR8YwjPxRffoEEJEwuTfsh1KCN7YgngmsrgcCDyPCioWrNLaXfyXJFaVVTJkE4kMaQVayow,null,159104095,1667509818,0.00001,8YRsKjgA7XsX2qneLiYtd5L79wtM2VwgSxoyokeJQoSw,,,,9Aywub9rYWDLttGnZkttzoZBsLFTPpjk8S4ftocMbhwV,Er5zuVZSrv8hwWo3gUt2XWDwTSLUhgYD64gidQKJ7G7q,,,
stake,delegate,5QnjEKTG3FMbeAHiGQf5Cps9UoH4KmHvjf3CpBtqNkpvBNiA4tqS9od2D1C9UqpMQo9ud56UQsVFeSZXkBUJW1MF,null,159104130,1667509835,0.00001,CfFoY3ed2VBwbetha7KaveQ2izFnkQwJReDv7bMoXcYs,,,,7vV7VVTtUNhJG3BGtf9z9VWPtbmwAFxTLs8m1CsYZES7,55bmPBVG1xNHSmQ9iqzvm78Gvr8rE9wiG48MLQgJ1ywA,,,
stake,delegate,3s1KGqLu7WBWoixMEmkj6dsD7zZJsqqhoCbGKRYBVowQk7WpmdyadWBbLTsBm6KTaypdABPgEy28wy1rnXiPpVDG,null,159104052,1667509801,0.00001,7cZP4tWCvy8exniqowqLm5bBK62RzX4jUsdreHPbgEzH,,,,FjHeExrUVJnCebYV3tWNEn2afi7xaaouRLT6AQMRC6gs,5oMEJuodtg8tY7gQX3MHzGgwb242gjpxuVdnT71GD4uT,,,
stake,delegate,2mGf5y9YsRX8QEe6YzuJJYSNSvc3f455Sp4pYewuPFLgkYH5BFpM6VvFbyCsubVdBpZNAZH6s1jaAkhNVc6GxGGW,null,159103968,1667509764,0.00001,9Quq1arQjDSfJkeWSYWnyHB3aFZEjgzBGqEvpnrvKkuW,,,,GimtLqqDE7mRxJRNuEP22ZPQeXwx8mrhhGZWEXmk7mtP,2A14qTTZmX8wo37TJAEoAovrdugMdrbf29mSCsDerd4d,,,
stake,delegate,QxtdX5juqqK21iJsuomAVC9apmo2y8NqFfs5rN2ifwxTYHjcAjfWR4JzKHT1yw7g9sX4HHHo6Chn6fkuPGvbKPB,null,159104011,1667509783,0.00001,HorgZVcwCsKhTUe1RzSEfpoXg7FbHSTw1QPxRzxHKxfN,,,,FCsweTfvSLRSt6QvowTduEQYjrHPjtifq2Dx1wuDECnK,85XktcbZhsnbJhsb1vueeUJhpDetkk8UQ2UzobSYEjUS,,,
stake,delegate,47FDFF6zjWJGhhfqNFtBxS4uTc64c8C2JsZav6hWyC2FvFByYZSmT6o7LLNZhU5UuRrarGwptbq8jvSQqeSK58Qw,null,159103924,1667509746,0.00001,AfiqL89MzzmtvWDteAaRc9rQkMkojJ6JY6DJCGu8zqKg,,,,7ipMycNj4WpuS857h8rJX5u1nYLSJXhVoWHhLisNEinN,HUAnFVknuEfzsybhCqKsLZoST3UCxppxfVKJ4mT9u4mL,,,
stake,delegate,2vFMWF32cwaeNQXAhrxG4juAfHLVYqM28mpHAD9NcbJdabwcc2aFXQEu7sA38wZe5ba1dzVNxPzLicAjKDBUc9Lv,null,159103884,1667509727,0.00001,AR51ScModFQLsnE2cuTt2QYjSB5zmyLFBUnycXQ68Lgp,,,,78GQDFxoyp7eCmgovKWt71nBqSFmpVaJkw6S1y3gVayn,6BbTNwyvqyuS52eg3q5JGQprCVui8yysKUA6KQheEEPE,,,
stake,delegate,3vVX4mgogrCEZUTFoQSJnWd1pm5mvJbj6aD4GaPk67Y9p8F4FjAJ6Qp8xHgsLyraDpuDnBohBPPNU8iYD3XvXBiV,null,159103844,1667509709,0.00001,DnSJrUSik9e9YRLZT2khv3Loxf8T4AkaSsnxTjMg54pZ,,,,GSYSJaymgDqptijrycHysBMsdis59rCcuvER3uMJHU9T,EZDpkpqW2dn6aFme3HyRHmrvua7jYPiVJc6dyyT6mPxj,,,
stake,delegate,GfftPL8Tjzrr7ciMo6eckB8A1CYcXJ2hjmmtF5RxNo9NgEy2xeRJX73kV7w3d8DGjAqES6MuHYW2ERDbnA34cMP,null,159103803,1667509691,0.00001,CUBjuKknD45KLkYqgqnwreKJSkkQVpyxt9XqyAKitnLb,,,,BtYyAxhAS7G37MrScihtcM4ra3MWkBpfwhfKMGi2Enwo,AEf73zebQDu19NGW8R4G8HSoNos2cJe8n3Q1sRTh6XvV,,,
stake,delegate,3of3X1MwVUmn9o4tbExMeHdw9sQaMQZsQzTKYPPckUvbX912M54dM1C4ft5WC1xxZ42XgMT5otZ2a4eqG51XYEzH,null,159103766,1667509673,0.00001,F6Z6tpBVwjVRc1Z6kyr6gN4R3cujoNkRdcXPYyvLWstg,,,,BcVoYnRFyzdNnyzqsBmfqspD2eSAsy2vDR77QM13onZM,7YGvxJu1bp2X3hTctYRKEitkqpXDRSMsDo3LSZVNBXhv,,,
stake,delegate,3RhbC355rCC8cPwAabeXDRWkLXPnoMKRK2VLu65yFW9LEDPGeJ56skEEiiaQs5fsFf4unkyNUeLiPhVfdXT6mZW7,null,159103724,1667509655,0.00001,DBUuJZLJ2VwGzxtibR3pHKaV2Csurkwesebjf2ZjunCf,,,,EzhkcGcWqCxZGQu5Q5YhwPuMaqRcToXr1AzwVjYxYXPD,9DyyPH6J3hQAJUc5WHowAxK2wqNPjKY3GCeULaMfg1L2,,,
stake,delegate,48dPer7j6priTrh3r8jFHz1gx9mtyCw2Po3a17RdHifCFjY5BW2bna7bb1JuL92KiZBgwa8GaWZWqiytinK2nYVv,null,159103676,1667509636,0.00001,FYTWVLrNrCFR2ohZYrvhCma8SLKf1mmbLoiWR3qwZ9Qd,,,,6H7akr5PpjHHKHqrcqMzDy6d5Xz6zurbEKTsjfV3iwct,8d3VenzijrC639xcj4Cwii5rQMBggd81Zk4pDY1tLddi,,,
stake,delegate,5ViLce7cDchyyqEw6odv8dMSLGMYggYQT9btNq1wFgGHw58YeP1KF8hoXMMpk7kVpo3YWZzWxS2VC7Tj7JBM7dru,null,159103598,1667509601,0.00001,Bzg2vuw4mFwvC9krYQJ9NBvSAaJxTdfiwLcz5rP68SRW,,,,9kKNULsmA1EEhEjEU63d1413WbnSaPtKu6T1nadhBooQ,T3HspUFX2d3avFTNqbNPUqz9R2tVLfxVFwszQ8QpdMH,,,
stake,delegate,ZVkf6qoGXCNyKF2SshTXkYPNieQTkdGvAfx4vR4oGnNSmjYcHW1iNjRmJYs9VVptVvaZnryYNwDbCeMqytqbuM8,null,159103636,1667509618,0.00001,8SfvyeqbpkHxVuWxYaRj6VSYQuuXkKJiW5V5FmhN8n7z,,,,CnAXe1AqvxfExCZcYoNDGnS5QBA5zZnnh5cWYaMZLcCy,APsCdoetBykSA9USZ6gQ2YQYSrYBR7Z2M83mg5jG9AJi,,,
stake,delegate,5JC4V79thA7hrdmR6W43Ss1x1qqBUmGXssNRzFhLbnZfQxSMsoVyCGtmxBH9yj3tcgV4oLTtnAuxBsSyEQrnGHSK,null,159103553,1667509582,0.00001,F1DHbxvTVPtAEYKJ4KfqhsddmnBVpFVsQtDqGmtMPSAM,,,,h5C4hNFi1jYMZqioc6q64ua7sj4sGi4osYapkF2wj43,5NVTnNN6huDEdoqR9J6Vi99mAEXFRNJqDiMmWuRHSPvJ,,,
stake,delegate,2ugT7wsLSV5rQTAkiFFBs4JXmWt6GCYSbgnFrHQiBWxGceTsFWh3UFeL2zQ2mdgYz5o9id8g84vxb1jope9mrMA8,null,154669376,1665419560,0.00001,8g3YB8KxpWEAAvcjom5vSqxJAZczZBgB4pEgsssts86K,,,,Gb5GKNWpmbBDiLp4LAZ5kKCtv5yCQvLMydrihGQWGaH2,GNZ1PAAS33davY4Q1BMEpZEpVBtRtGvSpcTH5wYVkkVt,,,
stake,delegate,4g2NW1y5QZr7MfCR15QSooRmjh233f2o4F1PRE6YPQcKDb3eWqkxVB7LcQ99Q4dtoBoi896ejpUVjmd7N3Sr2zKS,null,153531479,1664822967,0.00001,fTPJNcJn29T6fXcKvJmLyEJ95ujtX3JcZaqWbaCxHut,,,,6qGz1xiWEfywGnrjLongiPQdDppocUUZzfeeeDfzNCiq,7YGvxJu1bp2X3hTctYRKEitkqpXDRSMsDo3LSZVNBXhv,,,
stake,delegate,3V35svWxNTzgYDRE4UwPyZPQG85fg3AocESTw81h5rPFhGCmUuVgMHnr5CPybPSg2d7gqV5222aWzei2v2qd1o3N,null,153531402,1664822921,0.00001,AbMXcdBvAiYNoTT56nca7rWzvNb9X8edNwm8CWv843KT,,,,Aq5timjC3mgyvFPaWdVRVeyeB6Wr4MoWuxbwdT8jhaff,8d3VenzijrC639xcj4Cwii5rQMBggd81Zk4pDY1tLddi,,,
stake,delegate,2ZTXs8Z5fi5284Mzd5eSfeB7cH6RCsXR3cJjeULb4XKQy94fqaVmDjwc2x76E63KFJGqrdPHPxTa4QiQfLKhu1Ze,null,153531448,1664822947,0.00001,CUMSjb54PkEiG3PL4Mqf5zUJAMMfsuSypmuTMe14p1QU,,,,fqzrMcHwfxTbezJ8wzoYYij5rGKjQSTRHjotTdgQs7V,9DyyPH6J3hQAJUc5WHowAxK2wqNPjKY3GCeULaMfg1L2,,,
stake,delegate,59Laqij2id1xwbg6Chhz8VAiSZ9YUWXTTa4BrSoHaTSXj69LoL5wh7awNDSzWzh7Hr9nMpFFJEFHJNXPRMAEXyTc,null,153531297,1664822860,0.00001,4dcbs3ocEEnEuwTgKu2DyVdx9JfTRwQpZrQGFsrCepiV,,,,55jghCxx3Ayyudabs3oD9B4GEmz2Byp7K4h4Q4p1CdQT,APsCdoetBykSA9USZ6gQ2YQYSrYBR7Z2M83mg5jG9AJi,,,
stake,delegate,2xThxxWEnzvUfVQF5MQYygujeyCE2CcFWHPfawvEAeHZm7jv8q1NznzDqqfbLXH4bvLrMUgygvsXkiDvE7zZo6xG,null,153529700,1664821948,0.00001,BCvGi3hTqGB6iBjfkqGgSPxfb8cEg4HfjU4UUWEkozay,,,,5qw2V3vd8RzsVKw3xvGU8r6F1PzbZsUPB18akq436U71,AEf73zebQDu19NGW8R4G8HSoNos2cJe8n3Q1sRTh6XvV,,,
stake,delegate,5d6W6pMqWdLjCqv9E7a1aBL271MMVTAjLUfPq9BdNXWHJQmswspHLqDLnRJPp6wdHPw2Q1z54LQipvrLapoftXeN,null,153529620,1664821905,0.00001,41eqardFBGEKWVynD4DLnDHwvZpJtoZznWr4sB6MFPJc,,,,AqM8ijNV3VDXHxR3T4Nmrsw6JDUif8Mi6nLbe1E2noAw,T3HspUFX2d3avFTNqbNPUqz9R2tVLfxVFwszQ8QpdMH,,,
stake,delegate,3FuKsuLLdsSNHugfDdg4pHqvwPaR2g7FXqCJMgrDXLPAQi2BH2xp9HdrjvMSa8ybRSLCSzcNe6uh2LFrFPZ9eu56,null,153529499,1664821836,0.00001,8YRsKjgA7XsX2qneLiYtd5L79wtM2VwgSxoyokeJQoSw,,,,Hf4FXTsYsK6qTR4v1m9ZLFqJrQNYtJ9hNCLocNNZMvhm,Er5zuVZSrv8hwWo3gUt2XWDwTSLUhgYD64gidQKJ7G7q,,,
stake,delegate,2Qa92sVBWf17w4Wo9VbdwfFNtgm6PUbu9ijXFggZtGddiVkHCdZEjWmbjFMQ1Yp8jHV3EgnYHsAxhqmYf3NQjxHJ,null,153529535,1664821855,0.00001,CfFoY3ed2VBwbetha7KaveQ2izFnkQwJReDv7bMoXcYs,,,,8u9PDNDevCAFzD8hbRVp7wc2EPKuGif8JQiRky3JtNng,55bmPBVG1xNHSmQ9iqzvm78Gvr8rE9wiG48MLQgJ1ywA,,,
stake,delegate,2ZQpWx3QyRH27KWfCxYsbEigqhpKUUtjQnyrX1WjaWspAdPk22YZPgPJA6ZKQAYa7rVJj2srB3zZiEs8E7XoavX6,null,153529571,1664821879,0.00001,7yc3XswTFUi1ErA2qXkPk4EvfFXf17ina5W52EqEN3wm,,,,8WcimxdQ81cHU7322ft3hkFkFfNXZbbJRV3RhUdDyHt2,5NVTnNN6huDEdoqR9J6Vi99mAEXFRNJqDiMmWuRHSPvJ,,,
stake,delegate,4T5k9ZyZSUmv8VS6iZBZbpGfqKCATdAoVFgdvC1FX4a7ZwvF4r5boWT5BXLwv18WvnzHTo4c8fGg7EN7mcN4j1sR,null,153529436,1664821798,0.00001,7cZP4tWCvy8exniqowqLm5bBK62RzX4jUsdreHPbgEzH,,,,yGMY6M7Bnp3gR6192KZoBFopJ1kYKXchXVVz6T96zvU,5oMEJuodtg8tY7gQX3MHzGgwb242gjpxuVdnT71GD4uT,,,
stake,delegate,3xJY3goveLddrjKpCdu6GEqvf5ofzMy9fTzx7MJPfzX57Uu8BLw4dX25fdmwqDb2UHmrNKKVqUr7fFdCvJiwwc55,null,153529338,1664821743,0.00001,9Quq1arQjDSfJkeWSYWnyHB3aFZEjgzBGqEvpnrvKkuW,,,,4Qh2iVbsbGQ86dLz6dghE2n3Kk6pfBU3eq7jW6emJHFB,2A14qTTZmX8wo37TJAEoAovrdugMdrbf29mSCsDerd4d,,,
stake,delegate,5B9crUNUVUfXNmvDTyGG4mBuDPjSsURMUopo8rWdbRuE1DkNDdSERUycmKLNNuYTEH6oZY6nSn3oEP9Ykpw1VXid,null,153529387,1664821772,0.00001,HorgZVcwCsKhTUe1RzSEfpoXg7FbHSTw1QPxRzxHKxfN,,,,7eecETgqAzrpspBngCFG1pfQoLX15HmgmcZG1EGHfqCn,85XktcbZhsnbJhsb1vueeUJhpDetkk8UQ2UzobSYEjUS,,,
stake,delegate,5RSXibXAfvYv3C5TMUKK7cjcBBBixp4zBUhyCYyj4X8n8dnQVwQ1WiGVk9qsHDVBWcnZV23MKzaGX5dxcA7DZwYd,null,153529261,1664821697,0.00001,AR51ScModFQLsnE2cuTt2QYjSB5zmyLFBUnycXQ68Lgp,,,,7FUnhD2iii2DSY2dqc5RskXjugLaZvpdWufUzRLLNz26,6BbTNwyvqyuS52eg3q5JGQprCVui8yysKUA6KQheEEPE,,,
stake,delegate,Rn1G66y7xg6hLHaUZ5uGnsPKD3aHC9PeNk5bGqXEnbWmKAdRchXsYJBy4qdfQZHFQHC7JUVvNJa8wJoara6yySE,null,153529292,1664821716,0.00001,AfiqL89MzzmtvWDteAaRc9rQkMkojJ6JY6DJCGu8zqKg,,,,GZTy6n3k6rZWfG8g5SRBwZFBZkggXxooXddCVD9nmQoH,HUAnFVknuEfzsybhCqKsLZoST3UCxppxfVKJ4mT9u4mL,,,
stake,delegate,2et51HQqjcxynDiyhgvGZuHXLm7eMkqCRzykTu4XdgPJkTCdU1arMtfAXPTZFQhncgDdBTLCQWhmvFDHRcVVmtE3,null,153529229,1664821677,0.00001,DnSJrUSik9e9YRLZT2khv3Loxf8T4AkaSsnxTjMg54pZ,,,,2GghYu5Lo6jqTh1yw7FwTtsnMAHdE5E4isU7XEk5YfEE,EZDpkpqW2dn6aFme3HyRHmrvua7jYPiVJc6dyyT6mPxj,,,
stake,delegate,9gVqhdy3XyPsXRri15crBkgzc8iPbCQ45LH4YV7HkCKPoxsL4VuEVQMR7jcrjB5JuaQBP4Sd9rpeApVYhHX1m2z,null,153529197,1664821660,0.00001,CUBjuKknD45KLkYqgqnwreKJSkkQVpyxt9XqyAKitnLb,,,,73nC6kjCbiqAnLYcmu7t3Jp2Nfn2ttf4T7oRWHXo6oS1,AEf73zebQDu19NGW8R4G8HSoNos2cJe8n3Q1sRTh6XvV,,,
stake,delegate,4a4f6Y1VwUhUGbKFCRooSfpRnF7Wjtgn6qW1Gh2PqvCFuQZvV7KfUow5RsFwkyagWr9ZFPg2DbtG1AN2sdgE7zgB,null,153529148,1664821634,0.00001,F6Z6tpBVwjVRc1Z6kyr6gN4R3cujoNkRdcXPYyvLWstg,,,,HJZiAPJhTuRS85WuvQz52HhGmZ66HSvN3QRw5jvVA25M,7YGvxJu1bp2X3hTctYRKEitkqpXDRSMsDo3LSZVNBXhv,,,
stake,delegate,2dBeAd2eeA2p1gNhiiUobxqvvYapFWTasFqjPmzGkygFEEbZ2m7kR8tEFw1SVMKWvD2tmajEfE7ZvovZkbcv8FSe,null,153529117,1664821611,0.00001,DBUuJZLJ2VwGzxtibR3pHKaV2Csurkwesebjf2ZjunCf,,,,HrQSdyEFyWkmkFzzJtp6qsPCfdCQbs4nYTpKC8HPJGy5,9DyyPH6J3hQAJUc5WHowAxK2wqNPjKY3GCeULaMfg1L2,,,
stake,delegate,2hwGScAV3PCCMcj9Lv3t3LTh2nQmYYUQrZFCHZoTXMvwAMctaHFsNQu8LJUydNbFtqdVpqxz1f8Sf4qzdTHdzpfj,null,153529064,1664821584,0.00001,FYTWVLrNrCFR2ohZYrvhCma8SLKf1mmbLoiWR3qwZ9Qd,,,,EpHhUXboS64xurYyfN1fv1FQ1F6mVKRURruo37BsGVr1,8d3VenzijrC639xcj4Cwii5rQMBggd81Zk4pDY1tLddi,,,
stake,delegate,4voiUdyCNzEDevXnhAAMaETH44vFLUPeDfyeSxPepi8QxxBjsd9ZzSnMT6z5g6hEr6tvtxDAHXAFvjhdAzc5yvE1,null,153529002,1664821543,0.00001,Bzg2vuw4mFwvC9krYQJ9NBvSAaJxTdfiwLcz5rP68SRW,,,,AeiGr11Z74uDz4AxieF3J3hbpVtGNr3H6DmyQ3k7PFAW,T3HspUFX2d3avFTNqbNPUqz9R2tVLfxVFwszQ8QpdMH,,,
stake,delegate,48HKdBs2Y7gwzY5hNVvvLg8swmezoH57fmVPxwp4dQBujsPWdMTtAkjbdrAHaSdiq3qEhn6F5P8Tn4hg5aG58VEj,null,153529032,1664821562,0.00001,8SfvyeqbpkHxVuWxYaRj6VSYQuuXkKJiW5V5FmhN8n7z,,,,5YztZfcgeGoZAQDvrdfN4kSU7THSycyLtRx1iiMcA34d,APsCdoetBykSA9USZ6gQ2YQYSrYBR7Z2M83mg5jG9AJi,,,
stake,delegate,jwMmcT257od7w43kSfyrXJDZ7N4d2kd4NTN52sd2nkscZjmsCEChwG3jgRv8PCWv7tSifQGQtBLRnyrMPLeV2NM,null,153528967,1664821522,0.00001,F1DHbxvTVPtAEYKJ4KfqhsddmnBVpFVsQtDqGmtMPSAM,,,,2Bo3vchq1fSKiUudQmTYVq75yXjBuuyXLFL5dT7uyr1h,5NVTnNN6huDEdoqR9J6Vi99mAEXFRNJqDiMmWuRHSPvJ,,,
stake,delegate,4LWNV38eLjwkCKquMxGDVhaScdHHZin2s1yrLkeLtQpTeFx46PC1xj5t4BE2DE4FZFWaez1kdxwx2u2jo511iqkT,null,148686371,1662058494,0.00001,BCvGi3hTqGB6iBjfkqGgSPxfb8cEg4HfjU4UUWEkozay,,,,69tmLUY98AHbQWWY7UwDFqq3pRfdbSK6ggDmZRt2fH4w,AEf73zebQDu19NGW8R4G8HSoNos2cJe8n3Q1sRTh6XvV,,,
stake,delegate,4Kwq9yXxSvMw7dJLaPWV57qgE1B8JG5ezzhfeULHUQFQj1BcPCcqbUcYrLuu9tMXpMBo3su8soqN7qpwMHR3xxxa,null,148686320,1662058469,0.00001,fTPJNcJn29T6fXcKvJmLyEJ95ujtX3JcZaqWbaCxHut,,,,5sPcS2viKr8kViFgnusxho7watEwENKNbzXsKE3HFUCA,7YGvxJu1bp2X3hTctYRKEitkqpXDRSMsDo3LSZVNBXhv,,,
stake,delegate,jihjaGzuv9cgtJbLzLFjntb6qwgjfxHKUVa8vHAYGyRMzGnV3JxAqNzpj1pUJPsYupJQGiXizyMDanMuGo9jKTE,null,148686280,1662058450,0.00001,CUMSjb54PkEiG3PL4Mqf5zUJAMMfsuSypmuTMe14p1QU,,,,HQuERyBregzvE575Dndk8HqLbsk8AbYaVtw7Anexx5Rg,9DyyPH6J3hQAJUc5WHowAxK2wqNPjKY3GCeULaMfg1L2,,,
stake,delegate,56pLLpddGVJEtMDpZT4DdD2eVncDH7wwBbWUMBCtyKFAjSLsHmqcj7YJyzdqMYKsK23UCC4Fmrja6P8tnTvccu9W,null,148686179,1662058399,0.00001,4dcbs3ocEEnEuwTgKu2DyVdx9JfTRwQpZrQGFsrCepiV,,,,EErga3Mda3kA5J5Ev4YGrnR8KhWH4qTDnLWLN9PhH317,APsCdoetBykSA9USZ6gQ2YQYSrYBR7Z2M83mg5jG9AJi,,,
stake,delegate,2MQS2pbZojS1hjXU9w1R2ZL8ssXebwsC3ipkpnZYPWo1gLXYggKaxcb3tyiFWiA2gqwX5yfGFHDnB9H8BtzPjNtw,null,148686240,1662058428,0.00001,AbMXcdBvAiYNoTT56nca7rWzvNb9X8edNwm8CWv843KT,,,,3Z8X6gBV75dBfztF8fyy1sYVEBLfkoi3wVvDZZ38zonn,8d3VenzijrC639xcj4Cwii5rQMBggd81Zk4pDY1tLddi,,,
stake,delegate,5yLqsLDLxae3Mm7ywJ2wJrynTTCuZTmeCQDEkFNWZe8BiDDA6p1w2yVY1Djgh2RQbBkkS4qbmCY6akhm2mbkz4nD,null,148686140,1662058374,0.00001,41eqardFBGEKWVynD4DLnDHwvZpJtoZznWr4sB6MFPJc,,,,DTvPGXaYe3txhHHTY4tSfqEPLnQW6Pa52WeLomtAjDx3,T3HspUFX2d3avFTNqbNPUqz9R2tVLfxVFwszQ8QpdMH,,,
stake,delegate,3KdfT9kfgYRZ7godqgz1RtwM23vxzgLiKNjPcjfaqsP68Ed7PUvkp859Ca3FE6JmYuWYePARoGUrSHL5WNtwpjfs,null,148686048,1662058328,0.00001,CfFoY3ed2VBwbetha7KaveQ2izFnkQwJReDv7bMoXcYs,,,,4g6nGdQwUFxJ664GDt1n6x2yr7p4tyqYs3kMKPEjkRB2,55bmPBVG1xNHSmQ9iqzvm78Gvr8rE9wiG48MLQgJ1ywA,,,
stake,delegate,geb6K8r4EjLfcz5Gc71XuEQdXHqwMt4QF28MpuzA1zRFToZ9iFKC6UR97z3ZZ2qJBAncDCVAnywZVznVp9v63Dm,null,148686012,1662058308,0.00001,8YRsKjgA7XsX2qneLiYtd5L79wtM2VwgSxoyokeJQoSw,,,,7PKxzpQYcWZqHMAsDMhXGtphpqstZp32erBGNgaWgL5r,Er5zuVZSrv8hwWo3gUt2XWDwTSLUhgYD64gidQKJ7G7q,,,
stake,delegate,2iEyjAkAVrnoThk47cCmurYRqEfmTrgsYy6amntaPML638rkazhXrc5CoMXVEPfydKwut1QMhr4pS1w81gtiU5cW,null,148685904,1662058247,0.00001,HorgZVcwCsKhTUe1RzSEfpoXg7FbHSTw1QPxRzxHKxfN,,,,CUvqxPwyhBrf6bRhrwPmpyJgpSdy6oBGzzRJwkXnLnqq,85XktcbZhsnbJhsb1vueeUJhpDetkk8UQ2UzobSYEjUS,,,
stake,delegate,4dGBjrT7uCmQvtEMsYXTnyKJb3HXSATnGMdHqzJUKhifHpVjUaLTBsKDRH3mzm6uRtRL4ExoRaED6ZcHw2uvBgNj,null,148685956,1662058280,0.00001,7cZP4tWCvy8exniqowqLm5bBK62RzX4jUsdreHPbgEzH,,,,8pCJiFvAs9yqnqgmiymTsJqyvBjVNHJFXc5Q84mec5Dz,5oMEJuodtg8tY7gQX3MHzGgwb242gjpxuVdnT71GD4uT,,,
stake,delegate,5koyDCmH7mNWHinw7TmrDeFdBq9Usjp5NRDVBhA7RwgLwwUCjzw4HoULMihy6gE4awJEnWbcRFDa9uyVHFy8uJ3T,null,148685856,1662058220,0.00001,9Quq1arQjDSfJkeWSYWnyHB3aFZEjgzBGqEvpnrvKkuW,,,,7Dp5J5nNueSL42gDE1LrR1ds7u6rDVS3Fn4rEDZXuQ6G,2A14qTTZmX8wo37TJAEoAovrdugMdrbf29mSCsDerd4d,,,
stake,delegate,3C1mLVtSvPH2ga24u56M2rHjUTytfiBwGtp9UpYzFYYxLbu4jWt98fVB6PipREcspLzZZxeSDogkRToe8ZaoxGrv,null,148685809,1662058195,0.00001,AfiqL89MzzmtvWDteAaRc9rQkMkojJ6JY6DJCGu8zqKg,,,,BPesYeSH2btasfz3kafEW9Z2yV8z5uYbocxSHdzMz5u3,HUAnFVknuEfzsybhCqKsLZoST3UCxppxfVKJ4mT9u4mL,,,
stake,delegate,2963rTefg1h6SECtRUhGcSBDc6dSt9kxLRf53nd9T5qYvdfydLeAUGjTpaQJrVWsXZ9VeXX6jECG8DpCNeRhwV2n,null,148686084,1662058348,0.00001,7yc3XswTFUi1ErA2qXkPk4EvfFXf17ina5W52EqEN3wm,,,,Fn7Rz19fARu9nFaoKab4nCwHdJWYz7QK31mbhhvF4ksx,5NVTnNN6huDEdoqR9J6Vi99mAEXFRNJqDiMmWuRHSPvJ,,,
stake,delegate,2tECBVQTnCAfHZNahrK3LiJo7XNBRGKHR1KTmjtdAHxNxXK4qEuANZhwtuEcnaQpB7X1fFkD6PNvL2QC6FkVXbXY,null,148685776,1662058176,0.00001,AR51ScModFQLsnE2cuTt2QYjSB5zmyLFBUnycXQ68Lgp,,,,7FPuRDVAKWpvWLeffiPaYSSebfcgftQCVd9tEdbTJupw,6BbTNwyvqyuS52eg3q5JGQprCVui8yysKUA6KQheEEPE,,,
stake,delegate,5rmdHCNxuatRUEKx4HZPuvpenQK34xe5o3GR2pusPxoC2EuSLbGU8Br5sG9QZ1Z4TBu5D4GXotBJUVPmRmW1FUkg,null,148685729,1662058150,0.00001,DnSJrUSik9e9YRLZT2khv3Loxf8T4AkaSsnxTjMg54pZ,,,,AWdGzXEuKcMDDmvg5cMsxEaapj9xzBcZDsPUznybAoE4,EZDpkpqW2dn6aFme3HyRHmrvua7jYPiVJc6dyyT6mPxj,,,
stake,delegate,xCnSJwo9pvq5VVCPicFQRoqSrwKqafNAVnD3ZYQt4FPTutgULfj82Zw4dqC13amKdBWxJvzM6RTAdmgRPwv14gp,null,148685700,1662058130,0.00001,CUBjuKknD45KLkYqgqnwreKJSkkQVpyxt9XqyAKitnLb,,,,9pWJSGYReHnzEM9h2dVs6FFCjFWrrtymZgeCf2mgM1jY,AEf73zebQDu19NGW8R4G8HSoNos2cJe8n3Q1sRTh6XvV,,,
stake,delegate,3TY427akkMSmcatYie6dh9Lkiv5TZvQdyv6X3Wf3RkHC7wezkxnuw2DsWBNrUUebhBTgxdihRaY7jHP78WLxtYos,null,148685648,1662058103,0.00001,F6Z6tpBVwjVRc1Z6kyr6gN4R3cujoNkRdcXPYyvLWstg,,,,9ReQEkpSAi6iyY5rxtcSjCgWzcieT4HfAcVYVE2rBrJV,7YGvxJu1bp2X3hTctYRKEitkqpXDRSMsDo3LSZVNBXhv,,,
stake,delegate,hV4n9M8GcN3U8LseFcsfTqDUGc5ZDsxwwaMWdV3HC5YhrFaB5UrWgtg4Me3rhknZE5pe98kNGg2aCh1Eouorjzo,null,148685620,1662058087,0.00001,DBUuJZLJ2VwGzxtibR3pHKaV2Csurkwesebjf2ZjunCf,,,,4ok6F1KrT19YG2QQD32ra36kwL2rFhvHruFqQKsPN41e,9DyyPH6J3hQAJUc5WHowAxK2wqNPjKY3GCeULaMfg1L2,,,
stake,delegate,2NhWg7psmG7T4zQYPkmFgybk9wREDfrzWYbbstRUNRetPm3axiN3xhg7tt2G4GPb8E89KSNtJ7NaMQyuu2pNqcxx,null,148685595,1662058070,0.00001,FYTWVLrNrCFR2ohZYrvhCma8SLKf1mmbLoiWR3qwZ9Qd,,,,3u23FU5Lg7oVgPwbxCwDsSwHnjCJZW5826WXLJZdsjWQ,8d3VenzijrC639xcj4Cwii5rQMBggd81Zk4pDY1tLddi,,,
stake,delegate,4SW7BezUYoGXVm6FfwPCtC4cpyt4EAiJbZPZHvTdxX4Gdqg9gGMqEMci7zBMVwASAUKjHjHJJTsTUcdJF6QFKsSE,null,148685477,1662058003,0.00001,F1DHbxvTVPtAEYKJ4KfqhsddmnBVpFVsQtDqGmtMPSAM,,,,JBuj9AnMcGHrmgxiDXAR1VEFGGK7ADU5osiMg7gwwEpR,5NVTnNN6huDEdoqR9J6Vi99mAEXFRNJqDiMmWuRHSPvJ,,,
stake,delegate,2UpoEeXFY3KdWmk9gD5d9TAqynmA8Ezy3YqyxyNyxbcTDD6mvb7jjMuQ8RKmyqKtvHDPPt1BQvGixN8Zuv2MdiLs,null,148685552,1662058042,0.00001,8SfvyeqbpkHxVuWxYaRj6VSYQuuXkKJiW5V5FmhN8n7z,,,,3qg6fwQ8mLy447CdEULwZX9mFbB9dHKoP57MH2dVpY3v,APsCdoetBykSA9USZ6gQ2YQYSrYBR7Z2M83mg5jG9AJi,,,
stake,delegate,5ffBjGDZMw2ermMeoJxvNMaB57TuPutNU3NnNavDhX9yGHjwC8xKtXgtwZecneCXPLrJqeA7Wy6SGCwHq75wLgYj,null,148685511,1662058021,0.00001,Bzg2vuw4mFwvC9krYQJ9NBvSAaJxTdfiwLcz5rP68SRW,,,,6ELNKPdzkQ94VpR6utHv511cwczdSvgCHWz2wsMsuVVv,T3HspUFX2d3avFTNqbNPUqz9R2tVLfxVFwszQ8QpdMH,,,
stake,delegate,62icVbaSX8vEhkik5DK2s5T6RHQFqKuL2CKhods95viNybWHvHUajQyQzyN9xS4n9Sf6FcJJ9N42dpFsMbaTYGBQ,null,144545830,1659636267,0.00001,8g3YB8KxpWEAAvcjom5vSqxJAZczZBgB4pEgsssts86K,,,,7KvgvU5wa8cC5fAdPjVq4FW2gMpjTkP6TSZ6wT9VvuxW,7YGvxJu1bp2X3hTctYRKEitkqpXDRSMsDo3LSZVNBXhv,,,
stake,delegate,b4Wa2sX8k7yM4AmQkWjz2q5xCyVBT9A6ycnnF2VZbYCHHDpPvj57teTt9RC854mEJnY3oyzZdbmgifPbFWpvxVX,null,144545888,1659636301,0.00001,8g3YB8KxpWEAAvcjom5vSqxJAZczZBgB4pEgsssts86K,,,,ERKeEVw6sp4f2AgGUyRWDYPLZ963LK57rEGuYFQBYq6k,AEf73zebQDu19NGW8R4G8HSoNos2cJe8n3Q1sRTh6XvV,,,
stake,delegate,5XcNNw3oN6QDobagy1Rnx7ZBTmSPomQFr8NzQg4y8AyVCB2zB4axXj2twzSL66cnca2T2gqbXuftM1ntAy2FyA9p,null,144545721,1659636203,0.00001,8g3YB8KxpWEAAvcjom5vSqxJAZczZBgB4pEgsssts86K,,,,AQUsAN5tDNhjkYysjnwsAi2fWkh4jrDYqPCvxPA1KxGB,APsCdoetBykSA9USZ6gQ2YQYSrYBR7Z2M83mg5jG9AJi,,,
stake,delegate,65L4ZgZGxQ5Sswzj7huVkpgb7VnVaMZ4p528dEesY2xGkPPcB79SxuDXuaPzLPgnbAod9w2oUN5XBAhdNoebCEw5,null,144545769,1659636231,0.00001,8g3YB8KxpWEAAvcjom5vSqxJAZczZBgB4pEgsssts86K,,,,Gohx5h6pFhDmLrNDugXdAqyJckWtre2g6qZikFs3yrp3,8d3VenzijrC639xcj4Cwii5rQMBggd81Zk4pDY1tLddi,,,
stake,delegate,4S1PiM6CS3FUgHafwSBi1p9MbSG78VSsBALbnGEAAyZ9M83HwGC5ZwU4poGnWXG4mc1sALScH96H9uZYisaVv1V9,null,144545798,1659636248,0.00001,8g3YB8KxpWEAAvcjom5vSqxJAZczZBgB4pEgsssts86K,,,,9zmeHt4JjLZPEJ9iwAAFxcw7LjPUydbbLAcmds7HEVMB,9DyyPH6J3hQAJUc5WHowAxK2wqNPjKY3GCeULaMfg1L2,,,
stake,delegate,4sZSWynrzXa1qt41pqkN3nfL5tTw3h8yyyeSk2VZSR57PaLDaxfoDjGn4w8qqQ6gJ2sqaJPgAuN6o3rsvtvUo6ch,null,144545693,1659636187,0.00001,8g3YB8KxpWEAAvcjom5vSqxJAZczZBgB4pEgsssts86K,,,,EmjcGjW6oBDnwyjn6mcEMu2BRBwNnKvQGQhzNQG6P6zP,T3HspUFX2d3avFTNqbNPUqz9R2tVLfxVFwszQ8QpdMH,,,
stake,delegate,5h4nmFAQZvA34UvYAUyyVaaSmgsQLgm5ugqbDYYQ6PWE2KewoxKv1KqM9Aq6P1TeguoSh1zqbRQuuuvCLa73wgiy,null,144545644,1659636155,0.00001,8g3YB8KxpWEAAvcjom5vSqxJAZczZBgB4pEgsssts86K,,,,EMESfmGYTpCi8F8MDJ2dqyMXCWsKuwdTLyvmyLksvTQB,5NVTnNN6huDEdoqR9J6Vi99mAEXFRNJqDiMmWuRHSPvJ,,,
stake,delegate,4ausGXQvxMs3M4f61NZcHXhjgW79pEw7QiHP3QMjBUQGSxTM2z1NgVdbyfA4EssyHmhoAs3iVgbeBhmBBCq5JzQh,null,144545574,1659636109,0.00001,8g3YB8KxpWEAAvcjom5vSqxJAZczZBgB4pEgsssts86K,,,,6zP574BynepTEjuJPdtw3WdVV8A5jWQqpfQkwKo5umhG,Er5zuVZSrv8hwWo3gUt2XWDwTSLUhgYD64gidQKJ7G7q,,,
stake,delegate,jnmkPEKnS1PezpCJWpsMGvm6CX5yoPW6AxpU5XXpdbWkYmccNEaREh9MRP3b9tjj7Sh6BDCHJScnZ2omSeWzd9P,null,144545604,1659636127,0.00001,8g3YB8KxpWEAAvcjom5vSqxJAZczZBgB4pEgsssts86K,,,,GA9eAcc7VhmHonfYSWhmQMtqnNKFJfTkFY68jnvTUj3e,55bmPBVG1xNHSmQ9iqzvm78Gvr8rE9wiG48MLQgJ1ywA,,,
stake,delegate,K4stv7R5vX5xxtYZ9Eje14XFheCxfrgsovuJjqHm3G4Gzeqs58hNeiDzRkH1fodk9stezQnRdZVrp5e224Zq4RF,null,144545496,1659636062,0.00001,8g3YB8KxpWEAAvcjom5vSqxJAZczZBgB4pEgsssts86K,,,,4Kq75m3wDCidY1qXTm2ZhXHZ95W7eQGnUDJxpfb5cThc,85XktcbZhsnbJhsb1vueeUJhpDetkk8UQ2UzobSYEjUS,,,
stake,delegate,a5BfzbEUREoMq3fFcCaP4PKKGqhhhXcBgXeP6Znn7RjZFqLnPg9LL5jhFMZuTMcFXyVVGajynk77tExtzdxWFHq,null,144545543,1659636090,0.00001,8g3YB8KxpWEAAvcjom5vSqxJAZczZBgB4pEgsssts86K,,,,CvNxb4b5etFAzZxC72jDa2z3fFDEVspcnQ41v6De5ZWQ,5oMEJuodtg8tY7gQX3MHzGgwb242gjpxuVdnT71GD4uT,,,
stake,delegate,49ibYvsQ193KPvH8xKYUeYhCGLs6UZ5rHELiKafMt1reuYLdwndo16iYCmDaqNMQKD33tGEBiBrrxtixHjM9p16K,null,144545446,1659636034,0.00001,8g3YB8KxpWEAAvcjom5vSqxJAZczZBgB4pEgsssts86K,,,,HbgRPgpM49AmvvJJiFem6jkzwqCyzXBDeq6NhbXT2Pkq,2A14qTTZmX8wo37TJAEoAovrdugMdrbf29mSCsDerd4d,,,
stake,delegate,3YpBH2YHBCKrcKcxnE6WiXwJGu7asTRT6BU5PznQ3e3FNc5FB6eK1ztsV8XuETjGNtGbrb3zout5nQMia7cxxkTu,null,144545408,1659636009,0.00001,8g3YB8KxpWEAAvcjom5vSqxJAZczZBgB4pEgsssts86K,,,,H3bYMgm1agBcg21QQ2ZUskRM3mD7YbnG41P5aH6Z74b9,HUAnFVknuEfzsybhCqKsLZoST3UCxppxfVKJ4mT9u4mL,,,
stake,delegate,626svBuHe7yHvtjMZndVTXkRAdS8X66uCxwMjq5UCcVvtVFibU4Ba8SsQBP1xReqPvaRgLCGiHU3T4vP1iVPbZmV,null,144545372,1659635987,0.00001,8g3YB8KxpWEAAvcjom5vSqxJAZczZBgB4pEgsssts86K,,,,3z8mnMsqnp1U4jhnNNxZTKmh7kTXAQ9jzVdZKQecgpBg,6BbTNwyvqyuS52eg3q5JGQprCVui8yysKUA6KQheEEPE,,,
stake,delegate,4Eg6ePKke9seeg38thUQHD45UveCvb1z6qRfL6udAEW5GSAmP9LSBCpRDNH9mMFyFJqXyY2NvFMEfzJgsfwaBV6H,null,144545284,1659635942,0.00001,8g3YB8KxpWEAAvcjom5vSqxJAZczZBgB4pEgsssts86K,,,,8FQi7Nrqrw4DLta7g193B15aQyhpFUwau5P54ZBKbQUj,AEf73zebQDu19NGW8R4G8HSoNos2cJe8n3Q1sRTh6XvV,,,
stake,delegate,4GCZFdL5BpLzm6UefPYgaiGmW1HGGHKQ6QjunT9jqncssrv1nJfbFc9jRPyw4vfXYfSD77bS9XET7pXqosgQmTYn,null,144545332,1659635967,0.00001,8g3YB8KxpWEAAvcjom5vSqxJAZczZBgB4pEgsssts86K,,,,GDCdN5ZxDQfLSuW8tRYGWZcXBpfaw6D22snYL7azENMd,EZDpkpqW2dn6aFme3HyRHmrvua7jYPiVJc6dyyT6mPxj,,,
stake,delegate,hfQWSVjX4c8PWPjDv3BYieChYsTqFisFGMC8noHYJhFMKxwWxeSxL6sKe5zEyijQrYKs44xr4tyhz4u4EFve8ih,null,144545249,1659635924,0.00001,8g3YB8KxpWEAAvcjom5vSqxJAZczZBgB4pEgsssts86K,,,,CHpsNm8op9wtqoUviwMMQLK9KHAjhPfyv2cfPTJBBPnB,7YGvxJu1bp2X3hTctYRKEitkqpXDRSMsDo3LSZVNBXhv,,,
stake,delegate,3pUyRZ22FhHERfzzdUoL9WjoY3W8zomQLkksfaYUkJGGZN38NtTthFLd9fr67DYbyQKgq2X5k2RwvF5L33ZbGT76,null,144545206,1659635903,0.00001,8g3YB8KxpWEAAvcjom5vSqxJAZczZBgB4pEgsssts86K,,,,4uLKbcexfno5wgrfc47btNLKumchi7wqfeecZtouPfxV,9DyyPH6J3hQAJUc5WHowAxK2wqNPjKY3GCeULaMfg1L2,,,
stake,delegate,2ybFnWspY5bvKVymUmyhKhv6EXBCZmpZN6S3MpeGqdZvFQqUxWjSEJox21rjPTxv6wPN1uuLXnpFXPM27zdnFrQi,null,144545171,1659635885,0.00001,8g3YB8KxpWEAAvcjom5vSqxJAZczZBgB4pEgsssts86K,,,,ALYhyytrhC9RkciEqFqmNdnw99sPSBLzCbSfibBuaFqw,8d3VenzijrC639xcj4Cwii5rQMBggd81Zk4pDY1tLddi,,,
stake,delegate,gx3pVxt86nf9S5qbes9fMDDaHhdWonfGzeTWX1ksAJyHEUSoW25L6YKkdHuxZX9SWpEb6CFrXZSFHs5kqrbMazS,null,144545132,1659635868,0.00001,8g3YB8KxpWEAAvcjom5vSqxJAZczZBgB4pEgsssts86K,,,,EM1i39iKtg6upoXkuGcexwtdb4f9GUGiJH9RDffN3NRt,APsCdoetBykSA9USZ6gQ2YQYSrYBR7Z2M83mg5jG9AJi,,,
stake,delegate,27FY2qpQvjzLRFXJFFZt97ateCQaXF8ygeNNJXQfHxxLUrybzmUqUigtiYGuNGHgMqoPMKdHuuu6TJp8XzdWVTsQ,null,144545086,1659635840,0.00001,8g3YB8KxpWEAAvcjom5vSqxJAZczZBgB4pEgsssts86K,,,,GokfEhHZ6uTKPsGuaKZonhqweR8UjyLDJsAdwb1a69E5,T3HspUFX2d3avFTNqbNPUqz9R2tVLfxVFwszQ8QpdMH,,,
stake,delegate,4Nwxhr92cZmsUxGQVzYNZQLwzTRiU1dPE8LGiS4MiVc7y5KuzHhhBaJgJjXvfNNUBtNTYQU1nuJxJvji7skX9SEB,null,144545039,1659635815,0.00001,8g3YB8KxpWEAAvcjom5vSqxJAZczZBgB4pEgsssts86K,,,,6t6NMgdThkxEqAFNXBb6LLFptubZ9MqqZsEjbPBqg237,5NVTnNN6huDEdoqR9J6Vi99mAEXFRNJqDiMmWuRHSPvJ,,,
stake,delegate,2SHp788hZASqSHKHhWUj5WFk4TugKbpyitz8iWdoDsZK1HY7Lp1kLBmksUZ1Gdj3cmoUfvWMNartVmw8Y5mt3Wa2,null,140238344,1656977153,0.00001,8g3YB8KxpWEAAvcjom5vSqxJAZczZBgB4pEgsssts86K,,,,7i5CymfXP2PBjgMPbVrMYyXzoBdZorfv3VKsm7moPLmW,AEf73zebQDu19NGW8R4G8HSoNos2cJe8n3Q1sRTh6XvV,,,
stake,delegate,LpBz7iTiSHjtCbwvyh4h2rStpERiERAXpcsqNeY61nbfUoEGSs2Wqn4rwez8aKtFyZdE72hzhVWxQ7ck58GFVr2,null,140238296,1656977124,0.00001,8g3YB8KxpWEAAvcjom5vSqxJAZczZBgB4pEgsssts86K,,,,2upVkz4VVTByg7UDrDgS9dWCn8cVjye4fpwTSwPVmfbd,7YGvxJu1bp2X3hTctYRKEitkqpXDRSMsDo3LSZVNBXhv,,,
stake,delegate,4QHn52yhiyJxEonUFNCx9f1Qy5tx7vm59UYrhVtVsfQHpyVFszHbgUHAruGqAnRJ7xRDu7PxeQZCCxgM6Y4E16LU,null,140238246,1656977092,0.00001,8g3YB8KxpWEAAvcjom5vSqxJAZczZBgB4pEgsssts86K,,,,8o4T8fsXJJQyJSRRV2bfQCa11GzRLjVxGYNSKGHbPt3p,9DyyPH6J3hQAJUc5WHowAxK2wqNPjKY3GCeULaMfg1L2,,,
stake,delegate,3ijJgLQKEADKkzJBcNTaVXUfFuPyNKEDeiioUSWTRtAXjbFcedMuGAXYDnpCo9wt3hgHi6fhLHk3Bqw3e28QvqGD,null,140238204,1656977064,0.00001,8g3YB8KxpWEAAvcjom5vSqxJAZczZBgB4pEgsssts86K,,,,CvyX8YSKtBkiAhpdqrXdgfnCZCS1vsFjQtFskCNEmz3a,8d3VenzijrC639xcj4Cwii5rQMBggd81Zk4pDY1tLddi,,,
stake,delegate,2iy1n2jebnfUyoSrteeBWXL6ELrX9JgZs1T3XqQu4AjXkFzS8jxyYsST273sLPguyooCfemFgA3qVPP6SUWMFN6W,null,140238137,1656977020,0.00001,8g3YB8KxpWEAAvcjom5vSqxJAZczZBgB4pEgsssts86K,,,,4owHoyrfK42QXc9RPbTerLEZCMnYYxrrDk28rXRyiaE4,APsCdoetBykSA9USZ6gQ2YQYSrYBR7Z2M83mg5jG9AJi,,,
stake,delegate,4yP9yGfANZrGRRVWGtMhVujQpuLsyqEugjEcn6x7sMTNvN2UFD7otudFFka5ihWLTZSQ1XfF7UY4u6zWNY3nwaxi,null,140238088,1656976989,0.00001,8g3YB8KxpWEAAvcjom5vSqxJAZczZBgB4pEgsssts86K,,,,7cQJyogaYNUoF6DHZHU4XMPNqKvSjXcULPHyfGdzokpu,T3HspUFX2d3avFTNqbNPUqz9R2tVLfxVFwszQ8QpdMH,,,
stake,delegate,ByBNkv6G1yNAHdhPgqx6Xfw1mAiyhatAErmDXE6pzSesfdi9b7k9EjT4KTc4ZvoLyr83bXak7p5h3GkEQmm3gMn,null,140238039,1656976953,0.00001,8g3YB8KxpWEAAvcjom5vSqxJAZczZBgB4pEgsssts86K,,,,9LYxszrGSJQsoA5z1RtP1MfrMvC11THgW8LxWb1K9seV,5NVTnNN6huDEdoqR9J6Vi99mAEXFRNJqDiMmWuRHSPvJ,,,
stake,delegate,54VbcB9bA8h9HJ7Grn9hnv65RMxoaRR8yE8kW8wdgaAqa5oyFDLyMaRBfHNyyjTNmisP6aiDm8GjCLr1y5wmBFP6,null,140237997,1656976927,0.00001,8g3YB8KxpWEAAvcjom5vSqxJAZczZBgB4pEgsssts86K,,,,9tRueLgWzTFeo37jwFTE1HuCXY5a48aAQdEmA2fXpvGj,55bmPBVG1xNHSmQ9iqzvm78Gvr8rE9wiG48MLQgJ1ywA,,,
stake,delegate,2ZEQCn9vLdewrQmeXyfVMPxcipKvckv8fn3EE6VS8sG7eQAW1xWPHMd86yg7Eaea7rnz8E5cSoo9zPZJay2UJWa7,null,140237946,1656976890,0.00001,8g3YB8KxpWEAAvcjom5vSqxJAZczZBgB4pEgsssts86K,,,,7ZGoB6CAQotqrfPiDZZ38Lb3dm6xPZxWVsgeLTKge6mG,Er5zuVZSrv8hwWo3gUt2XWDwTSLUhgYD64gidQKJ7G7q,,,
stake,delegate,2onePEmeZ58Gj8rsJadGFGS1w5vS8DkjMFPnoW2APXYqonkRvQNWAUhZ9sEKbxUYoSgEgqMypHZkF1XujRpFc8LC,null,140237894,1656976858,0.00001,8g3YB8KxpWEAAvcjom5vSqxJAZczZBgB4pEgsssts86K,,,,4yozMqSojqVHFc3V1bbbWUdk4tAmGZGMnbyMQ2bgLtnw,5oMEJuodtg8tY7gQX3MHzGgwb242gjpxuVdnT71GD4uT,,,
stake,delegate,328eWkkpYigVhcgfWPaYUBv7J7JXnaHkAZVngyyvat2ELN198e9rSsznnpSb3wiaZLunE4puv6vVcDadUpiXdac,null,140237847,1656976829,0.00001,8g3YB8KxpWEAAvcjom5vSqxJAZczZBgB4pEgsssts86K,,,,FDAw6Ba6XAf25QKmZHaNGD5ppyLPuZtx7czf4QUDZA96,85XktcbZhsnbJhsb1vueeUJhpDetkk8UQ2UzobSYEjUS,,,
stake,delegate,w46jbbKb8ejiCxNdu1ZzQ7xvrrP8yXrXgFWsiMr2LNsbfFdKgbQrFTncS5TBXcSJWodxPmiu84a4ArTCdvuKJgS,null,140237799,1656976800,0.00001,8g3YB8KxpWEAAvcjom5vSqxJAZczZBgB4pEgsssts86K,,,,6mc1U4JBytsNE8fQFGFBK9fdFc9kGQBgzi6XJmb3ZUvr,2A14qTTZmX8wo37TJAEoAovrdugMdrbf29mSCsDerd4d,,,
stake,delegate,3i5LZui9CAY3RWG54oQ4ixh1vmv5nnV8pjAirSV1hMHuqx2QGaSVLnwWVizPMN1MX3y5WK1qL1eZFGpMRKRJaUC1,null,140237766,1656976779,0.00001,8g3YB8KxpWEAAvcjom5vSqxJAZczZBgB4pEgsssts86K,,,,8hFwugxpi4BkrFhmLBJR5WcpQ9Eixfjn5BhpYwRQennJ,HUAnFVknuEfzsybhCqKsLZoST3UCxppxfVKJ4mT9u4mL,,,
stake,delegate,331Kb5Ry9qYUHHKTf8MiwwstAeMBxVqjdrrvW1bjBUmTjSAAWDBen38tYX1dbWAxRx5XgKUkZc7n47LbPaBa6ghZ,null,140237720,1656976753,0.00001,8g3YB8KxpWEAAvcjom5vSqxJAZczZBgB4pEgsssts86K,,,,4kk3WhYrdncfrNqbAKjHyR4o83Fy8wpLCgsW7qcZkcS4,6BbTNwyvqyuS52eg3q5JGQprCVui8yysKUA6KQheEEPE,,,
stake,delegate,gbXcr7GoMrsRjBv47aT5Phsu114GcmvY1Nc2C38sFGu5FTHjtY5A2j9DAD11Ho8Yku4Xm8hKEFFXxktZM69yZhV,null,140237675,1656976725,0.00001,8g3YB8KxpWEAAvcjom5vSqxJAZczZBgB4pEgsssts86K,,,,QZBomVGzLah6PjWsZ27Vhv7tGKtM9fiuetreustYsgs,EZDpkpqW2dn6aFme3HyRHmrvua7jYPiVJc6dyyT6mPxj,,,
stake,delegate,W3wKLqS9ANvDnnG7uMFhPdcd2Yzjb8wTXATWrompGbhEX8XTBSVmAdqEZ4eUZq5FrS5LbWhtkeAPxCToNjxqgTu,null,140237625,1656976698,0.00001,8g3YB8KxpWEAAvcjom5vSqxJAZczZBgB4pEgsssts86K,,,,GVvshWrf22DRPGFvMQJyquMgLSqjLthJYJ5VffC7pNPA,AEf73zebQDu19NGW8R4G8HSoNos2cJe8n3Q1sRTh6XvV,,,
stake,delegate,f4ADcMkyMhuSFiSjMsnm71AjvZw2cnAczqREwJdmtatVtSLXVURhqbnKwJMAGKjXh9ZKRss1xgPkEU6fchABKtN,null,140237576,1656976669,0.00001,8g3YB8KxpWEAAvcjom5vSqxJAZczZBgB4pEgsssts86K,,,,4Abx3qiTYZhSAaciXckwFE8d86bDTJ54Ua2F1RR4K4z5,7YGvxJu1bp2X3hTctYRKEitkqpXDRSMsDo3LSZVNBXhv,,,
stake,delegate,4nprpsGpZ4h7pRHj3tpTZ6yHKGkBAdwavhw1q7FaFpM3cD4W1B2F8E1akkPwUyivr5DBvd1TB37ubkPWnANJamfW,null,140237532,1656976642,0.00001,8g3YB8KxpWEAAvcjom5vSqxJAZczZBgB4pEgsssts86K,,,,71gt9QQoeEsoaShBkSK7UNNpMqr6WmDvPthr6k9xTeJE,9DyyPH6J3hQAJUc5WHowAxK2wqNPjKY3GCeULaMfg1L2,,,
stake,delegate,vckemM2ct1zXmRgmBVfnZqhUigDUhyQceL2YmXf7sGSSeppPzGpsBJ8LKBkvvjpPcx2x21TwvFvbzd6M48nhgiS,null,140237449,1656976598,0.00001,8g3YB8KxpWEAAvcjom5vSqxJAZczZBgB4pEgsssts86K,,,,9XdyxGwR6xsK7zC2t8hKK9JE5xEwdW8HEXdKEGkgHCpf,APsCdoetBykSA9USZ6gQ2YQYSrYBR7Z2M83mg5jG9AJi,,,
stake,delegate,4BShyEvYsKiF47tvEb4V2BDdyW1PaGbu9N22cC4wP99rqf5uKBw31tvJvUc3ga2UFkivbLrHrgpxemZHbLn2jwT9,null,140237496,1656976626,0.00001,8g3YB8KxpWEAAvcjom5vSqxJAZczZBgB4pEgsssts86K,,,,EjW6Z1hcGqsG9Wv2dwiN9GtVNbm9PBb7Nbb7esBfLgbF,8d3VenzijrC639xcj4Cwii5rQMBggd81Zk4pDY1tLddi,,,
stake,delegate,4vFNDXrohCdJj7SpJWod8UWRPj2soQNYXrXra6JJ6FgXtuzVpvKyeTMTCcJhVhPcrmtG2Y1C4ghynBEWVzsy64bV,null,140237372,1656976551,0.00001,8g3YB8KxpWEAAvcjom5vSqxJAZczZBgB4pEgsssts86K,,,,DPEVQHT24s7KyQtqe83Lcv99eqqvJepfpRz3yHKyfbxu,5NVTnNN6huDEdoqR9J6Vi99mAEXFRNJqDiMmWuRHSPvJ,,,
stake,delegate,4DQKSbrCzFWh1GpsJnF8iQo7zELoyNUtmXX35PFFMZa11SVwtt5ButATQDv7C4cbhL8SWbYFcucs82rkrWZchiJw,null,140237401,1656976570,0.00001,8g3YB8KxpWEAAvcjom5vSqxJAZczZBgB4pEgsssts86K,,,,8vetrRmf4CnwD5v62oYaNNyxjJszMTRkF7YioqzA6vJF,T3HspUFX2d3avFTNqbNPUqz9R2tVLfxVFwszQ8QpdMH,,,
stake,delegate,7HjbJodpVwg5G4jVVcBrUwqqUyYykJLCqhEUzFswH1iXmnB1TwggqAjFFkkMh7GFAXMRVAZmKaG4Vz1KXmXFfez,null,140237281,1656976495,0.00001,8g3YB8KxpWEAAvcjom5vSqxJAZczZBgB4pEgsssts86K,,,,5iiGovq7V1ajJK7sq84rSWrJe835xcAsXBsNuSxPUiFN,T3HspUFX2d3avFTNqbNPUqz9R2tVLfxVFwszQ8QpdMH,,,
stake,delegate,5mSirTmXqQjHC3HHqsCwBkYY4oe2r1BwJFkFAoyBR2vBLUCS1HEdUsPVaisEkyDU8LE6JX5xhJVQhQbxFu9Johcw,null,140237253,1656976476,0.00001,8g3YB8KxpWEAAvcjom5vSqxJAZczZBgB4pEgsssts86K,,,,BWmRjDsxJzGp8Z7RxEh9QXoCCweqsm5gf7SVuLGQqvpJ,5NVTnNN6huDEdoqR9J6Vi99mAEXFRNJqDiMmWuRHSPvJ,,,
stake,delegate,3YdM75Pqgydi7KZH9zAHxjn3rESdfaVrfPgegXDs3AVsw75aL8w9yWPZT2Xivs8pt3jTNvLaSvWZpbGzPXaByqWs,null,136097358,1654167843,0.00001,8g3YB8KxpWEAAvcjom5vSqxJAZczZBgB4pEgsssts86K,,,,2cQsp3h52N17yygrpRFxMotqXiSysx8weQZwUy167c94,AEf73zebQDu19NGW8R4G8HSoNos2cJe8n3Q1sRTh6XvV,,,
stake,delegate,5cMwmkQ2xtNdu49vvKHyEFpzEx1aCN46PC2UF3wD2ef9Uso9L7v7x5om1fyssBTaXgCbbhSgVzrtZyQqnPh9Rk8Z,null,136097310,1654167809,0.00001,8g3YB8KxpWEAAvcjom5vSqxJAZczZBgB4pEgsssts86K,,,,4Nra8vRcij5A2LfqowDGm5Zgz759zaV7HTCDu9mux2ip,7YGvxJu1bp2X3hTctYRKEitkqpXDRSMsDo3LSZVNBXhv,,,
stake,delegate,635inrtDjtZuaEg6LjYmJanHY3XhP9LJ6SvnibyJ2ATtHu1CVNdapqaQG9v2YW2CkxtEq2rFABYLQ6y9ezcw4qpk,null,136097269,1654167779,0.00001,8g3YB8KxpWEAAvcjom5vSqxJAZczZBgB4pEgsssts86K,,,,FrUFAbEKDFknTi8jke6kw9oUYXofAfZQV7GwSeCoERPh,9DyyPH6J3hQAJUc5WHowAxK2wqNPjKY3GCeULaMfg1L2,,,
stake,delegate,2zJww55nYf5mzLdU7RtKxgK68ozXx3QqSjQT2JJGpJpWvwhr9rwxXRqSspXB2VsNnHzrqY3JJRaFWHvMyJpBnfFu,null,136097142,1654167687,0.00001,8g3YB8KxpWEAAvcjom5vSqxJAZczZBgB4pEgsssts86K,,,,FY5gcBG7LbLZ2DjmXxS6eM7a3LvF458cfpD15E4cuopR,APsCdoetBykSA9USZ6gQ2YQYSrYBR7Z2M83mg5jG9AJi,,,
stake,delegate,62KduXgdhZSgm5XS71bWPpvTW1KEELCgakSCxDZtqdbMfDY1TBeZQUsaF53gddj6PAHgWm3k2iUYoX4EQUnGTcD3,null,136097193,1654167724,0.00001,8g3YB8KxpWEAAvcjom5vSqxJAZczZBgB4pEgsssts86K,,,,HNihMgWiood1cvcfEEP6NeQt7QGMZtibcthSbotwAzff,8d3VenzijrC639xcj4Cwii5rQMBggd81Zk4pDY1tLddi,,,
stake,delegate,4eGcLTBHcCdVGLjh8PSX4SYatUamBNdYMTMjcakMeGXedkNAHR7N2napnametuwUeYSCe7j8UF45Qwqxe6BjYzei,null,136096940,1654167542,0.00001,8g3YB8KxpWEAAvcjom5vSqxJAZczZBgB4pEgsssts86K,,,,FVPGcN9NFLwuFfBUEzvd6sxycKeFtphJoxm3Hybz4KEh,55bmPBVG1xNHSmQ9iqzvm78Gvr8rE9wiG48MLQgJ1ywA,,,
stake,delegate,4ajNv3uruxFpq7sFYaKPYqbKWi3nNF9jA538wKz7FhGgTvvJABBL5Cpkmtmmres8tWGuk3Yiwu9qKnumf3Tq2RMy,null,136097012,1654167593,0.00001,8g3YB8KxpWEAAvcjom5vSqxJAZczZBgB4pEgsssts86K,,,,GvpzXYig2CPnbmsvmd4ZeGQkmXUpchSt83ne44LAKTrP,5NVTnNN6huDEdoqR9J6Vi99mAEXFRNJqDiMmWuRHSPvJ,,,
stake,delegate,5uThg4bTzQwYQ6qzQExWVZAnz2br1yfaqaSEwGPGfCiA18q6S2Atyi5ofZzeSPj7yRnkeZwxXgAfJSUmX1ozvK4x,null,136096838,1654167469,0.00001,8g3YB8KxpWEAAvcjom5vSqxJAZczZBgB4pEgsssts86K,,,,G3SU1E6Tzxo1Jq9iCrMoAQbXmhWiYnvYqu67tMYkf5Yp,Er5zuVZSrv8hwWo3gUt2XWDwTSLUhgYD64gidQKJ7G7q,,,
stake,delegate,66CjPzjspNztpWeX8cWGqQ2hqi8dBMSkPGw439twfCYc781JupJqCpsRtNacgiX5DzGuo1pUDgvXDL7oxBo5Wpke,null,136096760,1654167413,0.00001,8g3YB8KxpWEAAvcjom5vSqxJAZczZBgB4pEgsssts86K,,,,GJNZmiaDv6b4MmaQbEgVBuJe8sLbjAawa2mBeVsnNT8u,5oMEJuodtg8tY7gQX3MHzGgwb242gjpxuVdnT71GD4uT,,,
stake,delegate,GCKk8tDYdUN2y3WqqDCKGiJF53LP2sEzf7kPnboFxdf9pPkiEmK52wSuDEpHUBgGyvFf6CSueX8PE6fUcNucT6X,null,136097071,1654167636,0.00001,8g3YB8KxpWEAAvcjom5vSqxJAZczZBgB4pEgsssts86K,,,,77MgX9Mm2i1VjxKGA2PcEo41rf4qW3xqSK3nUGeC2DUv,T3HspUFX2d3avFTNqbNPUqz9R2tVLfxVFwszQ8QpdMH,,,
stake,delegate,3pJeBZ6sxrDyg1Lb6nSneRzS9nA1AjK2394UtmSQmPrxTXBeHJXtyeXzSoMvisd24JLNcx2dA15Wnc2HoDYoRXHw,null,136096648,1654167332,0.00001,8g3YB8KxpWEAAvcjom5vSqxJAZczZBgB4pEgsssts86K,,,,3FNSknrQSSwfjNbPsS1QMCqxSvrFQWB1dTJeBwzw5ZVu,85XktcbZhsnbJhsb1vueeUJhpDetkk8UQ2UzobSYEjUS,,,
stake,delegate,2UQakyV5mYhWYCSPaxzvazdYFMEPkZCU9azRNGF5iYoaBP56b9Vpx6EA81eScZq8xWJFia9W4Sen63Nkw8rVz3y7,null,136096571,1654167276,0.00001,8g3YB8KxpWEAAvcjom5vSqxJAZczZBgB4pEgsssts86K,,,,AmdCAa9EnviUZ99wojsabHsdSnfXCZ682qGZA71weC3w,2A14qTTZmX8wo37TJAEoAovrdugMdrbf29mSCsDerd4d,,,
stake,delegate,4aKPNDPCfiBGx2byWrNgs6wDcJWHoSBiuYZ8aGgBh96pyvyUhaGMh7wmH5kkwxoD9KrMhrmp1WqMpaK43bYkpa3,null,136096376,1654167136,0.00001,8g3YB8KxpWEAAvcjom5vSqxJAZczZBgB4pEgsssts86K,,,,GXgubJy3E589nKi5nNuoAkbxH1827pUJbeytQANFJieZ,EZDpkpqW2dn6aFme3HyRHmrvua7jYPiVJc6dyyT6mPxj,,,
stake,delegate,2RcBY1nByfY5ZX8kepnqUuAfjw5Wh9zxE6jTTdHqZpk7qKEABUGAWoQxGJjzafMEkhfdTfkxPE2ckiUBWvpFbzfM,null,136096446,1654167186,0.00001,8g3YB8KxpWEAAvcjom5vSqxJAZczZBgB4pEgsssts86K,,,,Awx1MdqDFwUqNrmnrKDb8mp375XgjytRMQBmwwEfvRvo,6BbTNwyvqyuS52eg3q5JGQprCVui8yysKUA6KQheEEPE,,,
stake,delegate,4e5Lr9LGebEJ7cruJWZAeYjbVSz3KVPM6qxzXCqyxYhcpXFemqAkZhukULzB6t7eGd1rAYkhgCtJ6J5zRcwAeaeo,null,136096514,1654167235,0.00001,8g3YB8KxpWEAAvcjom5vSqxJAZczZBgB4pEgsssts86K,,,,89jfPnJhrqnopD3yh6EuDp3afcGr8ZSSaHV3ztL4icCY,HUAnFVknuEfzsybhCqKsLZoST3UCxppxfVKJ4mT9u4mL,,,
stake,delegate,3fAnAMxULry1zF6uxi9HA69Pet7MpsuxXf4FH5PkJrJyvQRxGCGRyCe13qonq6TpfTwc6orTMAD8B4399fMSvchw,null,136096304,1654167084,0.00001,8g3YB8KxpWEAAvcjom5vSqxJAZczZBgB4pEgsssts86K,,,,33SSF6TKynBieGC5nJc6u7VrmS4YrcazGe82Y69Tgkqt,AEf73zebQDu19NGW8R4G8HSoNos2cJe8n3Q1sRTh6XvV,,,
stake,delegate,3Xk1U2mML4RwCrT71XchHjRQ2DcMRE4bWBaiS3UfTJzJKvr3FKZxrujc3EUENrpjJJm3GGzgZYd5864WdBhVfqr5,null,136096237,1654167035,0.00001,8g3YB8KxpWEAAvcjom5vSqxJAZczZBgB4pEgsssts86K,,,,9GuqjZhtp5hBTHxLhVyRD8HdWB73bgxiENqmSAj8VM31,7YGvxJu1bp2X3hTctYRKEitkqpXDRSMsDo3LSZVNBXhv,,,
stake,delegate,62SZCEyMtSS7bq4ghfrjw9259bQ6qQgcxNMfeFQG3q7KL3AMhahJEPVqDXSJvRb5SYNYPC4ytrhVbfokuAkNGDaV,null,136096125,1654166956,0.00001,8g3YB8KxpWEAAvcjom5vSqxJAZczZBgB4pEgsssts86K,,,,DJAA4VnTNxr6rY3yXMGNJsWnPFE9gSBAmNi5FRxSzvkH,8d3VenzijrC639xcj4Cwii5rQMBggd81Zk4pDY1tLddi,,,
stake,delegate,35b5LFLKx4cWYpL5heeW2Q8VteiRFuFLcc7Nz6LTTakSfCfa3YpSuQ4mipTebHCVqiwYZNnvPSyDTvTv8t68nezH,null,136096174,1654166990,0.00001,8g3YB8KxpWEAAvcjom5vSqxJAZczZBgB4pEgsssts86K,,,,DhY46RxoMQbwHy8MwkQuCvEtZobcEcDa39aAu5VC4K8a,9DyyPH6J3hQAJUc5WHowAxK2wqNPjKY3GCeULaMfg1L2,,,
stake,delegate,42SQGWRZ5YAU241wYKVVJpaPVgthL7M6LNo51CNE3vRv6B7q97oD13B9RnkKYB9EMk5aceuNLUmXDvLtpFecUBzg,null,136096045,1654166898,0.00001,8g3YB8KxpWEAAvcjom5vSqxJAZczZBgB4pEgsssts86K,,,,G56ExRvP2B5euRxgoUTJMkGibXmPuUPEGARukoz1D1mS,APsCdoetBykSA9USZ6gQ2YQYSrYBR7Z2M83mg5jG9AJi,,,
stake,delegate,4yhuywXJYBBJQkLMA5hNTFRXjz7m46FUDi8Kj6bPB6ddLFvoxCKev4VoPXmiYXvZtj7U8DXq4MmeojfGuqBoVjtJ,null,136095966,1654166841,0.00001,8g3YB8KxpWEAAvcjom5vSqxJAZczZBgB4pEgsssts86K,,,,AaK2ikPbBNgRf2KqeJeZm1N6saQgNHPRQuXvo5iR9mBm,T3HspUFX2d3avFTNqbNPUqz9R2tVLfxVFwszQ8QpdMH,,,
stake,delegate,5Y788jP1a59XVaFXw4foWFA6zwSTQTi7KFnwPSvePyQr3FSirwavr12oq4Pc2ncVQDtMZVDEs33vncCVviJu27Qv,null,136095904,1654166796,0.00001,8g3YB8KxpWEAAvcjom5vSqxJAZczZBgB4pEgsssts86K,,,,ChTFmPRej2NitJNAsvDEkWbBqDRscCSjEw1EpYqJzzsq,5NVTnNN6huDEdoqR9J6Vi99mAEXFRNJqDiMmWuRHSPvJ,,,
stake,delegate,5F8E4RkBukjdqVcZnuweJ7G7z67R1C2pwhd4XUDoyZ2NAGSBF6xAjC1PvSZBG89uDdPgzvW6vHGVgtgbLWdofpLH,null,132201683,1651516696,0.00001,8g3YB8KxpWEAAvcjom5vSqxJAZczZBgB4pEgsssts86K,,,,EmdNwjsXXwHEExcLMjPr17poH3JotndbYdpQEww6KYC1,AEf73zebQDu19NGW8R4G8HSoNos2cJe8n3Q1sRTh6XvV,,,
stake,delegate,3JogoBJE6ZtCUM814Zrf3VCSrwRRR32kziSyGMiP6wLuaDJ56JbcMUN3GBdzTf27YPmVciHyvJR6rNmAyr7C8N2K,null,132201565,1651516613,0.00001,8g3YB8KxpWEAAvcjom5vSqxJAZczZBgB4pEgsssts86K,,,,AuSzoDrVXCoYRgSE3aqMvkRzAt8BEJSbtSC3qgSutJx7,9DyyPH6J3hQAJUc5WHowAxK2wqNPjKY3GCeULaMfg1L2,,,
stake,delegate,5deukN5HpizMT44PXHK9UefGasrtguZnaBzx11TqSbjLhsbLjPGS9NhmEkY4N741gGmmCriRTJKnBE6LyrfgGmJr,null,132201421,1651516523,0.00001,8g3YB8KxpWEAAvcjom5vSqxJAZczZBgB4pEgsssts86K,,,,ZDYGqM6fqrUfmvGDUA7ts85aL52H8135UGdCY3VgEjS,8d3VenzijrC639xcj4Cwii5rQMBggd81Zk4pDY1tLddi,,,
stake,delegate,3C7YQKSoHKQkN2awDkiFKTH7qA5wcFh2srPc4ftEKc2wHi1TAoZTz9LvsgrvmuDqDjkSn1cp47p74wD6JDH9qene,null,132201619,1651516656,0.00001,8g3YB8KxpWEAAvcjom5vSqxJAZczZBgB4pEgsssts86K,,,,9yLYjQjqz6cj2mDpcFj6pVbTyLwM2EWgdDvPKzic9wyx,7YGvxJu1bp2X3hTctYRKEitkqpXDRSMsDo3LSZVNBXhv,,,
stake,delegate,3K6aCpqooddjHiojPCq83dfWeCooyUJgQMnyXBJpfmpVqhkkoJ4Ls5ntvxBoS31BD4TWmSFhGFGCia4KpNXi8j9a,null,132201327,1651516460,0.00001,8g3YB8KxpWEAAvcjom5vSqxJAZczZBgB4pEgsssts86K,,,,mZnvczHyzdjegBWy7rZP5kiTFnMC7DUC9Z6LGJ11o4F,APsCdoetBykSA9USZ6gQ2YQYSrYBR7Z2M83mg5jG9AJi,,,
stake,delegate,2XWnMUbbrDBqqjGPGd9QWuho1ZBkxy3ZnQQLjsvKqs1V46MJqxNrEqjZcoS3eJoF9Dh9GQp7qQf7mk1HKbCQx9sg,null,132201281,1651516429,0.00001,8g3YB8KxpWEAAvcjom5vSqxJAZczZBgB4pEgsssts86K,,,,6RMvdULGatCJZyejYjEuAQyUbtYWxWrotQe18ySKtwD4,T3HspUFX2d3avFTNqbNPUqz9R2tVLfxVFwszQ8QpdMH,,,
stake,delegate,66MsJnrRwxNbnN9SBNh8xbvc2gMsNV7xiYzqwEq6inccAuMmFRdybfWb3a4yvULzZBEYXfJPEBWdosTxeeyDDx9S,null,132201183,1651516362,0.00001,8g3YB8KxpWEAAvcjom5vSqxJAZczZBgB4pEgsssts86K,,,,6HXdyjCLTgqMZMLmzKZe3cJQXrerqDRKzv2Jh6Ray2J5,5NVTnNN6huDEdoqR9J6Vi99mAEXFRNJqDiMmWuRHSPvJ,,,
stake,delegate,3b31oHbtA2GJMSZL28igoFt4EYwbpw81KNnWe8kWPuy5musq8qWwQ4NMQfhPEDxRrJUwbsEZy9YUDNworqcmJTMD,null,132200985,1651516225,0.00001,8g3YB8KxpWEAAvcjom5vSqxJAZczZBgB4pEgsssts86K,,,,Ha8yYN2Rsa25UBjkSsMgdD4dkzxSbgsNWRLavPBCCBae,Er5zuVZSrv8hwWo3gUt2XWDwTSLUhgYD64gidQKJ7G7q,,,
stake,delegate,4t74oWjm9eXT8mmqwKJFRzFUyFuLGmpejpfKmH3ZYEyvDvogszyFcLxaGDLA4CjDvqiunh76FQmdiz1gSMwAu5oZ,null,132201075,1651516286,0.00001,8g3YB8KxpWEAAvcjom5vSqxJAZczZBgB4pEgsssts86K,,,,3WcgGg8GYQn2BPgM3LhacDFjm3PkoCunGLdQb8NG5tJH,55bmPBVG1xNHSmQ9iqzvm78Gvr8rE9wiG48MLQgJ1ywA,,,
stake,delegate,44jSwo18jR5nGDBqvPMg25HeoXpSKMB9R9J4rias9svanxqqzYXBEdKoncJQzLBEEpirQYqzcAdp9Etx9xXAfzJh,null,132200900,1651516170,0.00001,8g3YB8KxpWEAAvcjom5vSqxJAZczZBgB4pEgsssts86K,,,,3SiFYokBw9TGWdCU5ftPxp4eMFkt497wp1BvgEaiRy1Z,5oMEJuodtg8tY7gQX3MHzGgwb242gjpxuVdnT71GD4uT,,,
stake,delegate,5TT1b8fcPddX8ktVcDH5EKt9E5ky4833VQDqiPAAGzVxBwLqcRwVzqchrEjegbAycSCPjwdMVDVgfp1hZmzexXwD,null,132200793,1651516100,0.00001,8g3YB8KxpWEAAvcjom5vSqxJAZczZBgB4pEgsssts86K,,,,Ah8m1CosbaS7nyTHWRSBQ5Uru4q8B9SNuNep9PAP1YF1,85XktcbZhsnbJhsb1vueeUJhpDetkk8UQ2UzobSYEjUS,,,
stake,delegate,bcDWDXA7ivBhpiJmoZBdKupgVGwtwJzWSGaFzki8s6nTud1p2HkXFJxwJiW8iyqQ1YAdpPYq5GwJci5pAj7tDm7,null,132200639,1651515990,0.00001,8g3YB8KxpWEAAvcjom5vSqxJAZczZBgB4pEgsssts86K,,,,irQMFKQDbbp7z6kMutAjor9jJA572LMWaQAuzbjWMq6,HUAnFVknuEfzsybhCqKsLZoST3UCxppxfVKJ4mT9u4mL,,,
stake,delegate,LPyMKcgWQTi1Xpk29XgHSVLmWvXKqs1zdu9UGYWbrYJtH3ow4jwzARC11whkZAfukmfMAY8hhavJKjfvLMoiT2e,null,132200585,1651515954,0.00001,8g3YB8KxpWEAAvcjom5vSqxJAZczZBgB4pEgsssts86K,,,,DVGZWHGi5jPCtWN683u6X98g9mnUzCdGXKwiYndJxgXv,6BbTNwyvqyuS52eg3q5JGQprCVui8yysKUA6KQheEEPE,,,
stake,delegate,4vgUsrA9NAZgntVjw9qnB23AotXmTccepyywkwtAm8xCYpBoGhxM7ad5YxhKUunhRHBYkR77qrD524VWbSiDxfsY,null,132200511,1651515905,0.00001,8g3YB8KxpWEAAvcjom5vSqxJAZczZBgB4pEgsssts86K,,,,7YNzH3uKBm1LkYpG6L6dcXFC4zwZ57i4UpRGSfQ7h3vd,EZDpkpqW2dn6aFme3HyRHmrvua7jYPiVJc6dyyT6mPxj,,,
stake,delegate,2aJjfumhaqmQgSRroe1BnobWbrq8XzggPmThjL3ytjwiyb3JbkspqCB83HK2hB47JsuHeTeN5BKXey62GjukGSzG,null,132200715,1651516043,0.00001,8g3YB8KxpWEAAvcjom5vSqxJAZczZBgB4pEgsssts86K,,,,6n7hMopzx5wV7YPo6aa39H4q6Y8swLRQ52EY8WpYTvNb,2A14qTTZmX8wo37TJAEoAovrdugMdrbf29mSCsDerd4d,,,
stake,delegate,5LKDxRVHwuzCrg3oKZGmrcituW49ygeaDTAcjF7PTg6S1THyhLPiJiUbpdt1oa7tVmeMHFxRMfTCp1RFznJcfCgZ,null,132200407,1651515838,0.00001,8g3YB8KxpWEAAvcjom5vSqxJAZczZBgB4pEgsssts86K,,,,BwzFYpVcmQ6v5hsbDPnWnmXAE1saxGy3GKogn24BhXHZ,AEf73zebQDu19NGW8R4G8HSoNos2cJe8n3Q1sRTh6XvV,,,
stake,delegate,oignvcjutLMYKvYKyC39ryXZpdGnBKgCKukPweSqh2113TgSAUZG4qgDLRd5hhszmEGgCRkuZGndTCHeUstAzkt,null,132200302,1651515766,0.00001,8g3YB8KxpWEAAvcjom5vSqxJAZczZBgB4pEgsssts86K,,,,GaEZLz7s53K49UjX7miRANPtKcvwEsRLs15sZSvme1ag,7YGvxJu1bp2X3hTctYRKEitkqpXDRSMsDo3LSZVNBXhv,,,
stake,delegate,2cJi97Uff63JbUyPPGhHsTzhvrkcGT6PRs1gLBPnyetYszqavjhsW7EeoJbsWyhzNCbriTeY4Sahnd65gvTzjTZ7,null,132200233,1651515722,0.00001,8g3YB8KxpWEAAvcjom5vSqxJAZczZBgB4pEgsssts86K,,,,EGzotK7MDyby1VFrSX164tmRhhBeZsaNoSPiHxy2tdem,9DyyPH6J3hQAJUc5WHowAxK2wqNPjKY3GCeULaMfg1L2,,,
stake,delegate,3Fg1RqKEAnhkJfdTL5nz3bfTLrbMmLGhVYmnBiWNudBcMPEy2THoSLnZT1HXdjKxQqiR27iSNUfimDDhv8udqBU5,null,132200121,1651515644,0.00001,8g3YB8KxpWEAAvcjom5vSqxJAZczZBgB4pEgsssts86K,,,,5nmfqFGuMmqozVxHZrovEWxHeBaNQC5FAnQLCEZipMHo,8d3VenzijrC639xcj4Cwii5rQMBggd81Zk4pDY1tLddi,,,
stake,delegate,2kf78HM8ibHjCGER63S9KqFvu7nxjKJhaKxa5TLYt9XvRHxxMU5QX5fvLZjNMBz7EoULDtNJAz2WVEmgdJyqju9U,null,132200023,1651515578,0.00001,8g3YB8KxpWEAAvcjom5vSqxJAZczZBgB4pEgsssts86K,,,,J5izL3BGkLtAnTmXFshD6VDpeWQQ9RaDHk5GfcqfJUhW,APsCdoetBykSA9USZ6gQ2YQYSrYBR7Z2M83mg5jG9AJi,,,
stake,delegate,M284wUoCrdiRdC8aiMU28h99XWSeSS5jry1kLV1GQyRRa3fNnV5V29N6jyyyhkKwSjAuAAkdMA1XgJnQADFyUsF,null,132199929,1651515517,0.00001,8g3YB8KxpWEAAvcjom5vSqxJAZczZBgB4pEgsssts86K,,,,HGAPSxTyCvTEyz2YzHrH75E6jaFiJT1CHYE533fErJkY,T3HspUFX2d3avFTNqbNPUqz9R2tVLfxVFwszQ8QpdMH,,,
stake,delegate,4TSRkdPgPPrcfFPtru1yw6Q64bQnicyXmLR8JYLtxpTzSfkM1Xpf6i5SL1ZnoUe92CXBKyGJSgNAZyTvQn3JMjua,null,132199871,1651515477,0.00001,8g3YB8KxpWEAAvcjom5vSqxJAZczZBgB4pEgsssts86K,,,,GAMfoFrrLWuQ4CiMSiQDXH7btgMe18vXPHwho92gogoH,5NVTnNN6huDEdoqR9J6Vi99mAEXFRNJqDiMmWuRHSPvJ,,,
stake,delegate,5Ur8Po2LfJahF9PcLcwCHsBDcnAXLzytExviEkCVTTxtkQcqCzQNBzqeQNf4MGcYVRoTDxjaTWZFDXLU4YwBJ1G,null,128175531,1649074693,0.00001,8g3YB8KxpWEAAvcjom5vSqxJAZczZBgB4pEgsssts86K,,,,3eUfb6B3e63uyGC81hsiUaVNAdEBtuRJRjJJUfGipmLq,8d3VenzijrC639xcj4Cwii5rQMBggd81Zk4pDY1tLddi,,,
stake,delegate,2JbfrbRJkdRrk8nkvqhdeGjZdgrDRYn5XqwoWUj7a1rZcik5ffFKa2qzdmmCvWq9ukQuoQQXX6b5rxuuPkgkA3Vm,null,128175615,1649074737,0.00001,8g3YB8KxpWEAAvcjom5vSqxJAZczZBgB4pEgsssts86K,,,,EpA6Db5f1QLh51r1WqToAzMGqtN2fWcapmYZWmwKQy6z,8d3VenzijrC639xcj4Cwii5rQMBggd81Zk4pDY1tLddi,,,
stake,delegate,7QsvCHSY7ZkyBzw2UUTQoJ65MkbXVe1TWz1QAZZz5u3y8R36TPToeDFioVnRxQVWLQzxP9e3biGyJKXsqu4M9PY,null,128175178,1649074504,0.00001,8g3YB8KxpWEAAvcjom5vSqxJAZczZBgB4pEgsssts86K,,,,4iNkVTKsd7BBYwVD8fZjnd7HxDfyEwZZWUujgowKPcKp,AEf73zebQDu19NGW8R4G8HSoNos2cJe8n3Q1sRTh6XvV,,,
stake,delegate,3bR8JwymqqHP3Kz9W7Kkg6ttPkuPPwMjPUonVDhQr7uhGc58S2KGXbQhMQZSp5h46SxBnExSLvPuD8jFdanWscK7,null,128175091,1649074457,0.00001,8g3YB8KxpWEAAvcjom5vSqxJAZczZBgB4pEgsssts86K,,,,AnQJcAmLB4xQjxAzPnL3VfGv5iTAFFu79DQzqmmkcS7A,7YGvxJu1bp2X3hTctYRKEitkqpXDRSMsDo3LSZVNBXhv,,,
stake,delegate,3Nk58BKJr65dZj1LCpZLG5uJS1rqSLaYaM6n3zsw643ZUQbbY4JSpBbTjdaADwd7mR8rXce3iESL9UnTwJoSCKYw,null,128174895,1649074347,0.00001,8g3YB8KxpWEAAvcjom5vSqxJAZczZBgB4pEgsssts86K,,,,2y7eupnM11dqDJB2bbDJiHbWg5xsQEZwr9XczX3BsumL,9DyyPH6J3hQAJUc5WHowAxK2wqNPjKY3GCeULaMfg1L2,,,
stake,delegate,65nFcwTFuiEEGzZvQHVN7kEDJ8EbuwLjz9nxj4xsFCE855WeJNNNZV5Uq5d7L8BqH7wyFkNzqpvoFjrU7s8Qg6Nn,null,128174811,1649074299,0.00001,8g3YB8KxpWEAAvcjom5vSqxJAZczZBgB4pEgsssts86K,,,,GJaS7YDp1SCtrWPT1ELtzFpTyg6cZDt9wmHBYpcUKW5R,APsCdoetBykSA9USZ6gQ2YQYSrYBR7Z2M83mg5jG9AJi,,,
stake,delegate,3NBknbB7UqpuqpGpiTiARxHyXAbTH4YXHRFoLYLLzgB5Si5ARQtfryAo2RL7cemX1asLk7wm9b9voqLRPVTAcJZR,null,128174729,1649074256,0.00001,8g3YB8KxpWEAAvcjom5vSqxJAZczZBgB4pEgsssts86K,,,,EJzmtBVYLXPFYhtUVbPXGxoZrhxjnNF99i87DNahaZkQ,T3HspUFX2d3avFTNqbNPUqz9R2tVLfxVFwszQ8QpdMH,,,
stake,delegate,3qUAqeqHQZbLbm1mZoYaGbqgoUgwAeiHoWef26byaDEnUmmxszuH35CWJap4JnnzAy846UH5q7YUr3NpSwFg7Hxr,null,128174517,1649074134,0.00001,8g3YB8KxpWEAAvcjom5vSqxJAZczZBgB4pEgsssts86K,,,,G79nNs2f2RNrnjdkS77ATVkGgo4P48baos73e9ehahXF,5NVTnNN6huDEdoqR9J6Vi99mAEXFRNJqDiMmWuRHSPvJ,,,
stake,delegate,J92RdYMYb7yWCZ3asiPL8Hh23aoTuEZGzDGxAbDRWgfSZMWLjuTWfPJTBYSTiqwjabDKMGvX2pXewubu9Br68qK,null,128174334,1649074037,0.00001,8g3YB8KxpWEAAvcjom5vSqxJAZczZBgB4pEgsssts86K,,,,CtUyzSxM4SbBs3suXmP2jXBkusqVsQcgQK6GNHW7W8m1,Er5zuVZSrv8hwWo3gUt2XWDwTSLUhgYD64gidQKJ7G7q,,,
stake,delegate,BygzJnjvacXCvKa7CpGCSkZSJHfjeYfrPv4xGJNcbpi6j1xESGmFh6yUNDmLQzpEDjEwvpd97SyrGSiNacaGKLr,null,128174422,1649074082,0.00001,8g3YB8KxpWEAAvcjom5vSqxJAZczZBgB4pEgsssts86K,,,,HaSD28eZgxGrGJyrACYVLg1UeBou9UDRRxv72LSqVzgQ,55bmPBVG1xNHSmQ9iqzvm78Gvr8rE9wiG48MLQgJ1ywA,,,
stake,delegate,36xppZYsdf232KFXq7WEwKExtuJzNqqJkoMVNLoGY4pFBhWjKH1Mx9D6kf8z8vqpEsYu3CbdDHTKT1UudrcRXhqy,null,128174145,1649073936,0.00001,8g3YB8KxpWEAAvcjom5vSqxJAZczZBgB4pEgsssts86K,,,,3wnrLfnVe4p7VhDq8wQoxHixWNNAsSzDFnakJzkfibZH,9DyyPH6J3hQAJUc5WHowAxK2wqNPjKY3GCeULaMfg1L2,,,
stake,delegate,4cCY9smCsHSKZ3fU93DfQfEGhtVfCjj7GFK2jukX43vuF7QYr4GBFXbkRaav9XZ8s9kiWh66XnQShYC5qFveM4Gj,null,128174197,1649073962,0.00001,8g3YB8KxpWEAAvcjom5vSqxJAZczZBgB4pEgsssts86K,,,,FvUBmzSUd5PjAepdzjTpqjpLX7XC5ELKmmZW3wQzdYTb,HUAnFVknuEfzsybhCqKsLZoST3UCxppxfVKJ4mT9u4mL,,,
stake,delegate,319VHS8xU61WLKGwyEfaCTxR3xurLQa4YrkyJqmfPnxRnnsDdq4EF5zjEJyw9WcL2GNG4uFA543CiHKFxeum3148,null,128173772,1649073738,0.00001,8g3YB8KxpWEAAvcjom5vSqxJAZczZBgB4pEgsssts86K,,,,91FnEtHVqLz776ruAAMxhmXu2eacW4NgcWc3xjiyvRBb,2A14qTTZmX8wo37TJAEoAovrdugMdrbf29mSCsDerd4d,,,
stake,delegate,5dcuvFiXnLZyUNTMwqnqVSdsiEQg81LzdAD73CvFh1iYm4K4bGssJeWsUnawx7gFJtedQrcDst3hYR2nMiMeeNrT,null,128173525,1649073605,0.00001,8g3YB8KxpWEAAvcjom5vSqxJAZczZBgB4pEgsssts86K,,,,EQHKw3ac368UAQ4wFL8j82nDuV1PQy4tqZu1kDnAT1rR,T3HspUFX2d3avFTNqbNPUqz9R2tVLfxVFwszQ8QpdMH,,,
stake,delegate,5KVFdBum3DtexajnHzqBuN8FPQ3MgepB6woB5xkRYTeRuGKXfLMnAq56stxuHLQTkFrtjBfETZUeheyinU71eiea,null,128077718,1649019442,0.00001,8g3YB8KxpWEAAvcjom5vSqxJAZczZBgB4pEgsssts86K,,,,C7LfS7ejfWzpGmwhZ4FJmnpWBoqpU7sLteEyiRxC86x3,85XktcbZhsnbJhsb1vueeUJhpDetkk8UQ2UzobSYEjUS,,,
stake,delegate,4byRSyUg1qwd3phnckr3W2anYkM8unXtvdeDcivoemKCaMbfqHBPK2n9n8E6VfoiFgvFX8jhGhVP8tVA3ovkbLfR,null,128077930,1649019587,0.00001,8g3YB8KxpWEAAvcjom5vSqxJAZczZBgB4pEgsssts86K,,,,5bMQou3LkFvy3ZQvdngrGcRhEzvSGXUSiFYY3v5Q6oab,5oMEJuodtg8tY7gQX3MHzGgwb242gjpxuVdnT71GD4uT,,,
stake,delegate,3adW99X6pRPQsxaUcGfVtXfQcmeRE9EvAvvdoRZuydkxDJnNJXGfFoTV9xzF9jHu3AtpTFY6ALKbYnmzs1XRSBGP,null,128077439,1649019276,0.00001,8g3YB8KxpWEAAvcjom5vSqxJAZczZBgB4pEgsssts86K,,,,AbH7UoJAYUPKhELpTW1KwTLjyfmqDJk2UcZPHjyjJkVe,6BbTNwyvqyuS52eg3q5JGQprCVui8yysKUA6KQheEEPE,,,
stake,delegate,KNhyU9VDAMoCmiBg1mZ2971Ttjpe1FzGG7uVV333uZ4EiianhtoXi86YbHQ2GnVjzsDW7UxUWZbmFqzRsLSoKQh,null,128077181,1649019122,0.00001,8g3YB8KxpWEAAvcjom5vSqxJAZczZBgB4pEgsssts86K,,,,FVf2D8v1mhSp2aLPG7fJDUdS2L2nwa3t2m1KQBSZryqA,AEf73zebQDu19NGW8R4G8HSoNos2cJe8n3Q1sRTh6XvV,,,
stake,delegate,21vBWpnz4Ar4qmMY4MWHjPzmF3erwxAqkmeGfKS2CtbG3DewvitaZdpofyQZe34zfzVMtswR4yN3HNuGLkWcbVYs,null,128077309,1649019195,0.00001,8g3YB8KxpWEAAvcjom5vSqxJAZczZBgB4pEgsssts86K,,,,FnSoBmB9iwGCguqazTMzV3v9axmSDgRkfc4HciVx5jb,EZDpkpqW2dn6aFme3HyRHmrvua7jYPiVJc6dyyT6mPxj,,,
stake,delegate,s9FA1B6VM1hyix4dA8N7gZQ8iTTs1x1Kd84E2CEBCjGQj7bQGD79tvjkW2x98oyfLStQTmuHmsSXcAq5Yugk3rw,null,128077083,1649019065,0.00001,8g3YB8KxpWEAAvcjom5vSqxJAZczZBgB4pEgsssts86K,,,,BJuCVjvR7EP4ZbPYAVWaA4d9Xn18Sxry5AWNDv43df5L,7YGvxJu1bp2X3hTctYRKEitkqpXDRSMsDo3LSZVNBXhv,,,
stake,delegate,47Du6Zhyag7Ps9HjPqkCtLgpQmMQcKD4rcuueeHm1r2fyg7xBCWjSa7eJQTZNJEH6SARnRMduEttFPHypUXkCurz,null,128076628,1649018784,0.00001,8g3YB8KxpWEAAvcjom5vSqxJAZczZBgB4pEgsssts86K,,,,DvKFdq8jQahUQgZ1oQS5FZPyJKohBZpnaEW53KfRgZuU,APsCdoetBykSA9USZ6gQ2YQYSrYBR7Z2M83mg5jG9AJi,,,
stake,delegate,2aHHMmZv3aKKCJ973BpaEgArVw1mT5auB1Qf6f5DmsmKyFUemdbX2ZgrkgivtesiXzRRzJBhJ7crAiURaa7wfZte,null,128073549,1649016880,0.00001,8g3YB8KxpWEAAvcjom5vSqxJAZczZBgB4pEgsssts86K,,,,5DbYSS691hivfzRiJQrS71P5sJiKCMf91ovYZGR2XyTL,5NVTnNN6huDEdoqR9J6Vi99mAEXFRNJqDiMmWuRHSPvJ,,,
stake,delegate,2UEMvC91EoQw29bScHH5vNoHnGe97q1ASfdquGF6MDCbp6wm3tjAf5SZHrRqshZ6fd4t7WruZsmdUXemmE58Euj1,null,123033159,1646156219,0.00001,8g3YB8KxpWEAAvcjom5vSqxJAZczZBgB4pEgsssts86K,,,,AgiTNuKtMWdfddSUHZ9dTKzBRsxeQdVJhw9VfgU6fWDL,5NVTnNN6huDEdoqR9J6Vi99mAEXFRNJqDiMmWuRHSPvJ,,,
stake,delegate,2W1udEFgsr47EwkqieMi4SXiPGNdZ82AoetRFxF2yjaRyWu8FwTqi66ftywqpXWb8cCrctMNGPyyzm8T1GEDsC1J,null,123033029,1646156147,0.00001,8g3YB8KxpWEAAvcjom5vSqxJAZczZBgB4pEgsssts86K,,,,5Hov8UeFxj8wPhjDLY8H5aUNixErPB7J7jebPhrbS4kF,T3HspUFX2d3avFTNqbNPUqz9R2tVLfxVFwszQ8QpdMH,,,
stake,delegate,5y574XYijwttV5ckSyHyjyRr8dZXUeDSWYahjXDMUNtckUkje4cP4Rz9CDFQWkg2N52gYooaZEuVF6Vvmq8jUxAC,null,123033105,1646156190,0.00001,8g3YB8KxpWEAAvcjom5vSqxJAZczZBgB4pEgsssts86K,,,,63YsgGbNUn9LbBxYZP27aVm8Ff6xEU8HLnMbypLsR4WN,APsCdoetBykSA9USZ6gQ2YQYSrYBR7Z2M83mg5jG9AJi,,,
stake,delegate,2XQSSG2PjB4Hy3rsewazMsuhMuWxnVyAQPc3ozZwZL9SDBvx7sPiH3MNyTBtTocYZWH3YFv6K8HQMCPgzzTCb8EM,null,123032601,1646155895,0.00001,8g3YB8KxpWEAAvcjom5vSqxJAZczZBgB4pEgsssts86K,,,,DnLFmF2DXKnwZBGmixXFAhjNbthXtPpBsE6Et8B6aDhY,7YGvxJu1bp2X3hTctYRKEitkqpXDRSMsDo3LSZVNBXhv,,,
stake,delegate,5VmBAF93QCJ17E81Lwukdv6jxG7J5QzLe4aZjUB8oaMKo1M83nJkkWwjLxWpFSFxotCXz197oZ9CjJfrshE8RMke,null,123032685,1646155944,0.00001,8g3YB8KxpWEAAvcjom5vSqxJAZczZBgB4pEgsssts86K,,,,8WZyqb3RhkNtyiCUfGDVdHmowRgfo5iC7p971BNeTb7b,85XktcbZhsnbJhsb1vueeUJhpDetkk8UQ2UzobSYEjUS,,,
stake,delegate,wxdmnLJuHZBTKneC6wgeVcsDk6CbT3sYAoTcaVjkbwnkyrKeJsfdgr4JWthSB415aJtKp5ucGz7jPg6aucxraub,null,123032181,1646155637,0.00001,8g3YB8KxpWEAAvcjom5vSqxJAZczZBgB4pEgsssts86K,,,,5FwJXbcERWA7VJsXFtxeeH6ACB3wcxkV7hPoB3DH1F7i,AEf73zebQDu19NGW8R4G8HSoNos2cJe8n3Q1sRTh6XvV,,,
stake,delegate,61EeWRqiKBxYYTLY5fAnKUL7q4maZW5hpaZ4ZxjWmmH4J9oBTSXAX46WutABJuzfR4crUAnE4pc5EM5jNJeYMQSv,null,123032701,1646155955,0.00001,8g3YB8KxpWEAAvcjom5vSqxJAZczZBgB4pEgsssts86K,,,,F1SJsEsfYn3kCMwXJYCXNgLis5DmtC9BYFc12hrAWvcY,5oMEJuodtg8tY7gQX3MHzGgwb242gjpxuVdnT71GD4uT,,,
stake,delegate,4cDEo35oL6no4VCitBQvZ2mCvQ4wFVfNj69ECT69zBJXiESofF3umJEG3PUqPEMFpXRV8qstZcMLBwfQbBTUefoC,null,123032141,1646155612,0.00001,8g3YB8KxpWEAAvcjom5vSqxJAZczZBgB4pEgsssts86K,,,,BworfZNGH8YrWAEV9tJBbP9YgPfuEgefEWn6zDrhaHFd,7YGvxJu1bp2X3hTctYRKEitkqpXDRSMsDo3LSZVNBXhv,,,
stake,delegate,yKXyThFrrXL7DCwhFkt5me893onRWj5UxRjLqdeKNXfBifcTYigV9dYpNcZaZm84b9RZf6ZgbR7ckcYztzgmqcn,null,123032074,1646155574,0.00001,8g3YB8KxpWEAAvcjom5vSqxJAZczZBgB4pEgsssts86K,,,,BnrCfwaUcZGCrFuadWkwD6fhDhoaxhqEwL7FrD9fofPJ,9DyyPH6J3hQAJUc5WHowAxK2wqNPjKY3GCeULaMfg1L2,,,
stake,delegate,tokM54fBDyCuHNFD1iZg23ZbjtQAVtr8KktsTQjowJLkXLpDkk1umENbhyvypBWPByrDFddFkGP1kGLKfz7sbJG,null,123032025,1646155546,0.00001,8g3YB8KxpWEAAvcjom5vSqxJAZczZBgB4pEgsssts86K,,,,7bx1H6YmcoAnX6Q23XmB8wbAvLWCSuT36jVSZmp2dJuR,8d3VenzijrC639xcj4Cwii5rQMBggd81Zk4pDY1tLddi,,,
stake,delegate,38dRdfcb9hzuqHHLWc1GSvqMg4PQbzMvxNjpvQyKVt1c3seHuQBowuEp95uDUbxCPorVKhcJjmmJPPLNMaV3TNAR,null,123031945,1646155496,0.00001,8g3YB8KxpWEAAvcjom5vSqxJAZczZBgB4pEgsssts86K,,,,ECzGmU15K8isZDyaCh1ipioVTMs8LW26FjKLWUYeDj3J,APsCdoetBykSA9USZ6gQ2YQYSrYBR7Z2M83mg5jG9AJi,,,
stake,delegate,2L3UDzunicM4eXH4tzywnQvzvgRhQXF6ex3ULVH6tUdJ1QZ6d9dToGchVcMQniEtjhjxN4n8D3d4kyitZatzQtaY,null,123031292,1646155087,0.00001,8g3YB8KxpWEAAvcjom5vSqxJAZczZBgB4pEgsssts86K,,,,2aF2cZTH9ZuC6qv1XPCg9B1ngstct37j8XSVBoD8Qqmj,55bmPBVG1xNHSmQ9iqzvm78Gvr8rE9wiG48MLQgJ1ywA,,,
stake,delegate,4EV3B3bNjX1gWXEJ49SEe5kPsDonC2oiTAL4dEnn27dFiJ1XtBxuBUQ1kfBmuVbQXQi3ARzkXNzfJmdu19imHV8,null,123031242,1646155057,0.00001,8g3YB8KxpWEAAvcjom5vSqxJAZczZBgB4pEgsssts86K,,,,3rqtDNzfTgHwk5n3EKxb4Fmaw9mmyeKPn3taXChURQ6e,Er5zuVZSrv8hwWo3gUt2XWDwTSLUhgYD64gidQKJ7G7q,,,
stake,delegate,2eMnNK9DpXyASxd5KWmPYdQdLLFdcUVomaa4G6FeFUev9Jx3Rh6Pqm9TW76AHQbvzMSuGtAMLWtGta3ehsUqKChz,null,123031112,1646154976,0.00001,8g3YB8KxpWEAAvcjom5vSqxJAZczZBgB4pEgsssts86K,,,,BpjttyUAkDsubpGtfjHCtxwe6U7MuARnwRLRoiicAVx7,2A14qTTZmX8wo37TJAEoAovrdugMdrbf29mSCsDerd4d,,,
stake,delegate,5QFk4rXDWEhbzt7eG1nuXVS4GtsnmhBf6weeGA4D1dBJ6sGjNVCdeWvJNmxktHsqRk5tPHBjR1ga7TppsNS2Qogs,null,123031069,1646154950,0.00001,8g3YB8KxpWEAAvcjom5vSqxJAZczZBgB4pEgsssts86K,,,,5ZbWmTWnSntiPvJHBCW7kqwaBMQ1BaBpwPxa9hU3gXQX,HUAnFVknuEfzsybhCqKsLZoST3UCxppxfVKJ4mT9u4mL,,,
stake,delegate,3rBrDQxUnXqCAtoWwL7WFgngqDFR4WEvQJkVppM46FMDx7BVRdF9ZG3PhNE3CphKoKUVFptwMvbvCv3sAHojEvxv,null,123030949,1646154873,0.00001,8g3YB8KxpWEAAvcjom5vSqxJAZczZBgB4pEgsssts86K,,,,FKhMMu39N4wGsZu2mf3xwzhys3JjgRE7DAksTWbDRPWA,EZDpkpqW2dn6aFme3HyRHmrvua7jYPiVJc6dyyT6mPxj,,,
stake,delegate,617QeKTLYfvschEVsEPY9vYXDuqNQC4qY8SnbxCA39nc7KJTzFTJCgQTd13o4amYL8em91nXkhKbUUqCRQs6UJYJ,null,123031003,1646154912,0.00001,8g3YB8KxpWEAAvcjom5vSqxJAZczZBgB4pEgsssts86K,,,,CAkWYrRFK671hsg8jWRdikEr4A9suZodYzqKM6jcdfSx,6BbTNwyvqyuS52eg3q5JGQprCVui8yysKUA6KQheEEPE,,,
stake,delegate,2iYqzGDKJsTakXikRb5gdDtRcaS4XAb36wUZwj4SfKyN2Uux4rJ7XuMB4oVKsPu2yB4uiTRxmsmEDNde8gjTvmo7,null,123030889,1646154836,0.00001,8g3YB8KxpWEAAvcjom5vSqxJAZczZBgB4pEgsssts86K,,,,HrnxNnSAEfH1zshzjKzGhBUTCUG96iHefmL1FJ1ABYrN,AEf73zebQDu19NGW8R4G8HSoNos2cJe8n3Q1sRTh6XvV,,,
stake,delegate,4RDAs3BsSbzJ7KPCaXxGB14eaCxZzQdJGgYhp5WVmi5QcTZRYBhwqhRECnEj4vx8JdbjYNcZ9MBs4n5Pt78UcKzF,null,123030794,1646154783,0.00001,8g3YB8KxpWEAAvcjom5vSqxJAZczZBgB4pEgsssts86K,,,,2Zrz6ZfjvyQ6gYr9yM5eSYM4h4366L8HHe7sKWTSLQUM,9DyyPH6J3hQAJUc5WHowAxK2wqNPjKY3GCeULaMfg1L2,,,
stake,delegate,3AvY2Cees6uQF4Rc72KYty9N156Pd2N4xDBjcHcyS7GcreKmiUjhVXxqxJt4tKdT5XXusNJKjKABMCapny6hTuaF,null,123029661,1646154093,0.00001,8g3YB8KxpWEAAvcjom5vSqxJAZczZBgB4pEgsssts86K,,,,A8dmVQZf4yjxAqLhQrJBJxzLbsLUfsXwDXcgFQubcE4r,5NVTnNN6huDEdoqR9J6Vi99mAEXFRNJqDiMmWuRHSPvJ,,,
stake,delegate,ZYXb9niSWwS3BJGZKCFfjPmuJgGzASW2wVXr2RF1oCEQESxXkk9watCydq1RZMrFmkhnUwBVyHizvwDvp5UnSY3,null,123030089,1646154348,0.00001,8g3YB8KxpWEAAvcjom5vSqxJAZczZBgB4pEgsssts86K,,,,8xpL48RiWGDNx2VMDp7SgzG9z9RQzdtKv54q9nmCVaPD,8d3VenzijrC639xcj4Cwii5rQMBggd81Zk4pDY1tLddi,,,
stake,delegate,4AjT77yyifgE4MKVdQ9kXg6rTWyKoMkH4dEzqgpJtRAY4b7zH7f42yPCftDZhavRGKzs2gNvwssHCZsCB39ynqw3,null,123029722,1646154129,0.00001,8g3YB8KxpWEAAvcjom5vSqxJAZczZBgB4pEgsssts86K,,,,3uDRYwwYoNXc5CAroz1d8Jcx6dpKR6LJmYFHpVJnwW7A,T3HspUFX2d3avFTNqbNPUqz9R2tVLfxVFwszQ8QpdMH,,,
stake,delegate,66sC86BSM4zUwSTdCHqSoQX9mT9h7NNitbssLNjoKhVT3b9nRTQjXQFy1aDA3Z4zuQtvs1Th44gkPwrdH9rH59U,null,118876630,1643739589,0.00001,8g3YB8KxpWEAAvcjom5vSqxJAZczZBgB4pEgsssts86K,,,,DAKvUS7eA1XonhZhVrrfDgGzJpqUZEixrSMF8PUBRQm7,AEf73zebQDu19NGW8R4G8HSoNos2cJe8n3Q1sRTh6XvV,,,
stake,delegate,5UFaUZmQMJFnUZ7bfnEttYYLGvUPBi5ZV3JiPXSPkAEmaS6opUBJrrWJN2W29tB7NdhSHHmKDo374urja4wswcGn,null,118876571,1643739555,0.00001,8g3YB8KxpWEAAvcjom5vSqxJAZczZBgB4pEgsssts86K,,,,7N6qbi3nhRzDLJbmDztU1gJyUs5FaszE9VjsVExA2qgc,7YGvxJu1bp2X3hTctYRKEitkqpXDRSMsDo3LSZVNBXhv,,,
stake,delegate,5p2yfZAgxFzYZV7rBd1cFgebLiDQnhSgAhrHWnRG9g8tKUWiiXoUJQmhp1hNEH6V1t829VF1K42Qk6rJFpG5EYdV,null,118882257,1643742859,0.00001,8g3YB8KxpWEAAvcjom5vSqxJAZczZBgB4pEgsssts86K,,,,4WXLKGB2tFpL9GLyrcPqjxND6mCZbkxU6iYDCER5Mv7w,5oMEJuodtg8tY7gQX3MHzGgwb242gjpxuVdnT71GD4uT,,,
stake,delegate,5MTzanzbN6nWttkoomUSWBmhyerETSzp2E371oSmfR9Cp7VE4TUGcyo86p1zR7YZSMWPTFVSniWAkHoCETivaACk,null,118876522,1643739524,0.00001,8g3YB8KxpWEAAvcjom5vSqxJAZczZBgB4pEgsssts86K,,,,7MAkLRWA2dvfPMApXpmd1xjRwYGxAqFF8rZC65sJ4Yv9,9DyyPH6J3hQAJUc5WHowAxK2wqNPjKY3GCeULaMfg1L2,,,
stake,delegate,4EPs9qXHLfJWTmTAnD3ub4kRAX7UpVt1YQfS2adBEGZx8ThrcpTq6oazCVqyfsouSsaUd6XuuQLHz2wsdYqDshmY,null,118876482,1643739503,0.00001,8g3YB8KxpWEAAvcjom5vSqxJAZczZBgB4pEgsssts86K,,,,72B6uc1mxbT6a55p58iSywHKf1oaod5m61cCwLkH9LN1,8d3VenzijrC639xcj4Cwii5rQMBggd81Zk4pDY1tLddi,,,
stake,delegate,3g3gDsjxFn8o6V9F9A9F4Rq1caEzrzFgXtWLBTdWnFXSiJ8uL4hUPsBfYhEGK5paAVdKWgnCwpB5HzY92s1gooJK,null,118876425,1643739473,0.00001,8g3YB8KxpWEAAvcjom5vSqxJAZczZBgB4pEgsssts86K,,,,6B1LkTfNUrL8ZVPD2WgkF2U7bZAgRsi7jBMyCVi3Btpf,APsCdoetBykSA9USZ6gQ2YQYSrYBR7Z2M83mg5jG9AJi,,,
stake,delegate,5hxQvyWr3G2ZhB7L1KC4svbs9wbqdDCg9b7K7YL6u7XshwTDsv7z57brGfv45uyEq3A8ehc5nJqH8NycowDz33gJ,null,118876380,1643739448,0.00001,8g3YB8KxpWEAAvcjom5vSqxJAZczZBgB4pEgsssts86K,,,,8SrLKooeFWBuCQG4GrpdXeEYbX6MX6PGu9zprbB7Dcnr,T3HspUFX2d3avFTNqbNPUqz9R2tVLfxVFwszQ8QpdMH,,,
stake,delegate,KuL9uY9WFJQhBAurX8JwpViKfd61Bko2oWk5vUVxQRZLp2HjXqvTbKJqtZisxk3iGur6Je39o5RKxV2xHba55uz,null,118876326,1643739418,0.00001,8g3YB8KxpWEAAvcjom5vSqxJAZczZBgB4pEgsssts86K,,,,5bpBoPo2ZEsUUNbe729zk3QjmjZsNDfE5CjYb9QvMQoQ,5NVTnNN6huDEdoqR9J6Vi99mAEXFRNJqDiMmWuRHSPvJ,,,
stake,delegate,2vxWJ8PLMMF8ayTvThKMHvES4TU1pJkdXdoXPxagigenWN9fMSTV2DcX8HSHrNPGErsPEZNXK5G3SKxDotyRJo3t,null,118876228,1643739367,0.00001,8g3YB8KxpWEAAvcjom5vSqxJAZczZBgB4pEgsssts86K,,,,FCGTrXTbv1BRkwhRgb4omphvwGiQD3RH6sbMMQL27NUL,Er5zuVZSrv8hwWo3gUt2XWDwTSLUhgYD64gidQKJ7G7q,,,
stake,delegate,3pc8FFzp1cnkZc3r4kR2iPju8zp99mNwwYEX9p31Ykqb8vN85NY6UEdgxUxp2a5oRwXDEhQQBoP5NE944hV7bEoH,null,118876270,1643739390,0.00001,8g3YB8KxpWEAAvcjom5vSqxJAZczZBgB4pEgsssts86K,,,,D93q9aNjfy6zDFJeUfdW6msMw6Kpm9e824rcFPALvpfE,55bmPBVG1xNHSmQ9iqzvm78Gvr8rE9wiG48MLQgJ1ywA,,,
stake,delegate,5VERUe3h7SGH5PY2GAqQMVaXf5AVE9HtMnZMLvpgLqntdjhJhrcx4c8t9WHhMyFktgy2e4XwvjpcdjZw2WeuZLFJ,null,118876117,1643739305,0.00001,8g3YB8KxpWEAAvcjom5vSqxJAZczZBgB4pEgsssts86K,,,,5BTdKWo4UhQ47D6eRcAeEzJXjryAupcvKNHDk2CcKMcg,85XktcbZhsnbJhsb1vueeUJhpDetkk8UQ2UzobSYEjUS,,,
stake,delegate,E5G8MzDxPmsoPDuVs1Epnggi7gxFt3xFZF1GSVzVS94vLuojjaUXm82Y4yK2AH5XQxjbSQGcZu3WtE8RDkTAVF1,null,118876073,1643739277,0.00001,8g3YB8KxpWEAAvcjom5vSqxJAZczZBgB4pEgsssts86K,,,,Hd7WjM3Lvnx6EWEa5uYQqNSD1zHqLZefDq9nR6P1tMoh,2A14qTTZmX8wo37TJAEoAovrdugMdrbf29mSCsDerd4d,,,
stake,delegate,315VYjhvaA9vtVNt4vL2hEYyo2XndS9vXrUmjJ2mtodDdBbyapJ8JNkyrRA5w7wjXPxsCCgqvMi879Y8dw6hHcoC,null,118876008,1643739236,0.00001,8g3YB8KxpWEAAvcjom5vSqxJAZczZBgB4pEgsssts86K,,,,DAXjoRcfARGohrHABFyngVzZTZcqhfyfiS8FfC9akw5q,HUAnFVknuEfzsybhCqKsLZoST3UCxppxfVKJ4mT9u4mL,,,
stake,delegate,4tN4kBh4YVERgqjHry2kAXKgvnXBfDuxYdBiKST46o7mugvnioojjEPLpFA7us8jz1jXkNVr4gEBPkysdD8sYMbt,null,118875939,1643739196,0.00001,8g3YB8KxpWEAAvcjom5vSqxJAZczZBgB4pEgsssts86K,,,,BbVEPnxgcPTaKAmd9eyuZs5n9Md3TrtzE3osb6R2LqGT,6BbTNwyvqyuS52eg3q5JGQprCVui8yysKUA6KQheEEPE,,,
stake,delegate,3jsQGvRGP2VAunpyTznq5q8a3giprvjF7osMjLSLoc76fGdP5jUodyoPfL5zkJH5hV7RQuUnC8Zbojvg4H8oG9u6,null,118875892,1643739168,0.00001,8g3YB8KxpWEAAvcjom5vSqxJAZczZBgB4pEgsssts86K,,,,8Mr3tpQkqkhWXoPmagfyYDLCyDSue3J1izeF5a1shHyA,EZDpkpqW2dn6aFme3HyRHmrvua7jYPiVJc6dyyT6mPxj,,,
stake,delegate,2ufAt4CN8r4YyCBBnFyWgcNo9wtZhGywrFomFfg9Fnwj9pBtSTkhPuKrdqt81a2GAy9eoB6teXgtBDkzkvpP9nga,null,118875834,1643739137,0.00001,8g3YB8KxpWEAAvcjom5vSqxJAZczZBgB4pEgsssts86K,,,,Bwejy3dYitAyZhT54ESdWYaaXSN5d3xVF2zaYP5QowMt,AEf73zebQDu19NGW8R4G8HSoNos2cJe8n3Q1sRTh6XvV,,,
stake,delegate,FuANsmMsm8t7yU7dpYZzkQZ97GkEzTayPmeJ9mCfDMPcXB8VfT2HLMq4pGQW7wudz12ouKCPqAuJRbq7ge1H13n,null,118875787,1643739111,0.00001,8g3YB8KxpWEAAvcjom5vSqxJAZczZBgB4pEgsssts86K,,,,MHcMiHzhX2WdZ7mFZZsyQyUtpk4AJoCphkFQDARosDQ,7YGvxJu1bp2X3hTctYRKEitkqpXDRSMsDo3LSZVNBXhv,,,
stake,delegate,6NiX2M9hA6yiZR3Q6b7reUivC7j5hL6zqwPn2PyRZUVRFquvcMk3TWZPVi8t2m68PDSQVwnYQmVSxYk6wA6muuR,null,118875725,1643739076,0.00001,8g3YB8KxpWEAAvcjom5vSqxJAZczZBgB4pEgsssts86K,,,,G7n28b5DE78537mvXW9jS6tiG8umKNndHtG8G8Xj2vyh,9DyyPH6J3hQAJUc5WHowAxK2wqNPjKY3GCeULaMfg1L2,,,
stake,delegate,MqD9rCw5JKcScLCKqu8HKbksKbu49waepMXNTzG5YazxencChH9tD6cGEpQxBP9USgECDyJmuUY78ekQDj6fDdp,null,118875613,1643739012,0.00001,8g3YB8KxpWEAAvcjom5vSqxJAZczZBgB4pEgsssts86K,,,,E7kypBVESXb6rBth1np8vRpBNXnWZMvAVEGQPJG3xSgo,APsCdoetBykSA9USZ6gQ2YQYSrYBR7Z2M83mg5jG9AJi,,,
stake,delegate,DbCi2onddk8HQ2beZPfshWHbmNWKu1JftwQ8nyrr3JrF69N6bvhhfXboqUcUiy7MEAhXqPSubr88EyygjebBDRY,null,118875665,1643739042,0.00001,8g3YB8KxpWEAAvcjom5vSqxJAZczZBgB4pEgsssts86K,,,,Ec21YbzavTWn62pceh2w8oB5FGYbBAsajMEiLVia2QVR,8d3VenzijrC639xcj4Cwii5rQMBggd81Zk4pDY1tLddi,,,
stake,delegate,4eenU3MyZJaA2rosj7Bfbus6kCTWwxVzVppNyVzwWu6Xsii3PLfZgouLyz1kWW5QN6x5oGA3mP9AUEsAnSSrHsYD,null,118875465,1643738924,0.00001,8g3YB8KxpWEAAvcjom5vSqxJAZczZBgB4pEgsssts86K,,,,APNM9h8PpCzE96JBVjPkaf6Kt7UHVxnSNkE4Ts5kyJPC,5NVTnNN6huDEdoqR9J6Vi99mAEXFRNJqDiMmWuRHSPvJ,,,
stake,delegate,3vXg4qv4k1tRUk9YX7cdJ7xKmZKxDF7FTnEsPBNBhnx5QczJh5ks1fsfii5wKVBRKCps8C75Fd7j7PcR7NAbiAnd,null,118875553,1643738975,0.00001,8g3YB8KxpWEAAvcjom5vSqxJAZczZBgB4pEgsssts86K,,,,5ute2RaohbQGo6RCiCKyd27p3ww4jihxNryxPvL186y,T3HspUFX2d3avFTNqbNPUqz9R2tVLfxVFwszQ8QpdMH,,,
