program,instruction,signature,err,slot,blocktime,fee,staker,auth2,auth3,source,destination,misc1,misc2,misc3,uiamount
stake,deactivate,2mZbmC7YCvRyP4kBQU3nrrKbZkykUDZkc3skweRSEZD1aNRWnzJhrtygppR7B7cKb94GikcCJR7sBXPDmdYuvE6p,null,203627347,1688592228,5e-06,HorgZVcwCsKhTUe1RzSEfpoXg7FbHSTw1QPxRzxHKxfN,,,FCsweTfvSLRSt6QvowTduEQYjrHPjtifq2Dx1wuDECnK,,,,,
stake,deactivate,2pEmZxXzMugdZFjD4bzvkfEfETtSBPaefV7DxTa89HwrT2wavjMihhu55v8niT5Kokp82QUm22aSvK22XLzT4p5A,null,202074552,1687901055,5e-06,8g3YB8KxpWEAAvcjom5vSqxJAZczZBgB4pEgsssts86K,,,5BTdKWo4UhQ47D6eRcAeEzJXjryAupcvKNHDk2CcKMcg,,,,,
stake,deactivate,2PRNvuWGvUdk8X4oN87EFpZMsD8PavTsPbSPuxZH91ZDHN3pE49DrmroDfKKCrhNz4t52ZrwUwTj27Dz5rLPLQry,null,202074690,1687901114,5e-06,8g3YB8KxpWEAAvcjom5vSqxJAZczZBgB4pEgsssts86K,,,5BDzhgjG7Gr2VcziV7U23SEABFU9pHRrFDQE1m8NhPtx,,,,,
stake,deactivate,3ku9JAq9VTQBVcYpmTWtRezxUyvs2hWZ1AGKLWQ7bgYj5WznTN52VDaG8QKaKbEDoN7faRpn3qV3P3z4eCjJJJBk,null,202074653,1687901098,5e-06,8g3YB8KxpWEAAvcjom5vSqxJAZczZBgB4pEgsssts86K,,,BjSpDZAb78s4wzf86eWCR6Ge9BrFPucgQNwU6yJRka3k,,,,,
stake,deactivate,3sbdNfZ3jpEmsJGuXzDtxDjh8qBVxrqZusQafa3C3Hu89Dc6teq5ExZLi5K4BS5eAq92DqPPgdtqud3a1PCcLXdg,null,202074597,1687901073,5e-06,8g3YB8KxpWEAAvcjom5vSqxJAZczZBgB4pEgsssts86K,,,8WZyqb3RhkNtyiCUfGDVdHmowRgfo5iC7p971BNeTb7b,,,,,
stake,deactivate,3SSdYte1fftawAnnvoLPsYeDFFr7NTH3aULFkJKsyXENTsamAH84SPAZ938vzaHKrEkvmo34U1KocK198xB6D6f7,null,202074615,1687901081,5e-06,8g3YB8KxpWEAAvcjom5vSqxJAZczZBgB4pEgsssts86K,,,Ah8m1CosbaS7nyTHWRSBQ5Uru4q8B9SNuNep9PAP1YF1,,,,,
stake,deactivate,4NkFWbhFnUBW6tuHX4BQfDn62exeqoC3WYYiiLR143wbwLmS5pFTrkQ5SkUyYQrCixFnxnJAHy8BZfr8vUaKq8CD,null,202074672,1687901107,5e-06,8g3YB8KxpWEAAvcjom5vSqxJAZczZBgB4pEgsssts86K,,,3FNSknrQSSwfjNbPsS1QMCqxSvrFQWB1dTJeBwzw5ZVu,,,,,
stake,deactivate,4NPNj9f8Kwqnrn6HT1g4z8fK5vmQuj9eSgLYvCvL3RcYsyi7M6FtP37Cx7d33wfiM9GnvaLSQT4pup2wZaCBKKgL,null,203627377,1688592242,5e-06,HorgZVcwCsKhTUe1RzSEfpoXg7FbHSTw1QPxRzxHKxfN,,,7eecETgqAzrpspBngCFG1pfQoLX15HmgmcZG1EGHfqCn,,,,,
stake,deactivate,4VcfVmA6x5N7RB3jsPtbuP2HW1sbsCFut5tGAY1i7YdjVsRYugTGiJPLwy6BBNT4GEiyHmj7iVp6u4mV56naH1YC,null,202074576,1687901065,5e-06,8g3YB8KxpWEAAvcjom5vSqxJAZczZBgB4pEgsssts86K,,,C7LfS7ejfWzpGmwhZ4FJmnpWBoqpU7sLteEyiRxC86x3,,,,,
stake,deactivate,5LRyUwMvKV51YT32HFYfjupdMs8XDLpLuB9exLudkemhPoCWVUFmyDiypAayG7nV28fppExmNpeEpdrUcqgdfEvZ,null,203627314,1688592213,5e-06,HorgZVcwCsKhTUe1RzSEfpoXg7FbHSTw1QPxRzxHKxfN,,,CUvqxPwyhBrf6bRhrwPmpyJgpSdy6oBGzzRJwkXnLnqq,,,,,
stake,deactivate,5XwLHSMZDAYZ3kJg7G1fDW54w951FwqDHBiwoMzbzTKqcGbE8Hq5ce4npnBkNu1DLKciWiyAivM5EKfzMYiz1jKR,null,202074636,1687901091,5e-06,8g3YB8KxpWEAAvcjom5vSqxJAZczZBgB4pEgsssts86K,,,4Kq75m3wDCidY1qXTm2ZhXHZ95W7eQGnUDJxpfb5cThc,,,,,
stake,deactivate,63miLAf3nJ6xQpi5AU7mq52TPBVz5VRaGKBwnMvasmqnAswbqSFYYGFcnwF6fofSBzn1SuQxFJTyKzL69kCDodiS,null,202050085,1687890135,5e-06,8g3YB8KxpWEAAvcjom5vSqxJAZczZBgB4pEgsssts86K,,,FDAw6Ba6XAf25QKmZHaNGD5ppyLPuZtx7czf4QUDZA96,,,,,
stake,delegate,26qwHs32Y9YG1N7Y9g1Pvyoundrhds4cm63gMGcHnAHLMKESLnmXjtJiuNDiY6uxn4QyXCSPw6BzmTJNLRTx8sHW,null,207306086,1690235319,5e-06,DYG1ooTxkLS5iHDkte2XK4QBrpHziDR6EEZg5VsqNpVo,,,,68RFTVFQeuBToTCDfGagJjWHzKzk2gXsbsKyDvW1Qy7k,HUAnFVknuEfzsybhCqKsLZoST3UCxppxfVKJ4mT9u4mL,,,
stake,delegate,2MyVZ8k3uQEsgFYU8iW48p75GBu3rQwexs2mpSsYn99mKZ5enb6dEWfMCcp3CtVxJtMT4suuT1kbwUDnpzY3VUom,null,202454676,1688071139,5e-06,8g3YB8KxpWEAAvcjom5vSqxJAZczZBgB4pEgsssts86K,,,,FDAw6Ba6XAf25QKmZHaNGD5ppyLPuZtx7czf4QUDZA96,HUAnFVknuEfzsybhCqKsLZoST3UCxppxfVKJ4mT9u4mL,,,
stake,delegate,2SLo6GbuLCkipU6QSBdcjd8yxMgPAy1N3oBNmd4pDQwguYj6PB794qQkTovTqEDMH7pbJ11BvgNbK2Ts8q7hgr2J,null,204566848,1689009764,5e-06,HorgZVcwCsKhTUe1RzSEfpoXg7FbHSTw1QPxRzxHKxfN,,,,FCsweTfvSLRSt6QvowTduEQYjrHPjtifq2Dx1wuDECnK,HUAnFVknuEfzsybhCqKsLZoST3UCxppxfVKJ4mT9u4mL,,,
stake,delegate,3BVMhRxKkuEW9nmQMGKxV1zvB91fbtUYUYkaEHVQKrBAtu7E1cQTDQbQvdBo8XheiwntqysW2ZHSrudAZo6MGkfn,null,204566865,1689009773,5e-06,HorgZVcwCsKhTUe1RzSEfpoXg7FbHSTw1QPxRzxHKxfN,,,,7eecETgqAzrpspBngCFG1pfQoLX15HmgmcZG1EGHfqCn,HUAnFVknuEfzsybhCqKsLZoST3UCxppxfVKJ4mT9u4mL,,,
stake,delegate,3twYjb6SQFuvsZh7uWf8RTcXjN2nUynf5RLair35syFj3E2PasraeFi1CWgo6p5v27v5cmawzqdnsNQwW38Jv9An,null,202455095,1688071329,5e-06,8g3YB8KxpWEAAvcjom5vSqxJAZczZBgB4pEgsssts86K,,,,4Kq75m3wDCidY1qXTm2ZhXHZ95W7eQGnUDJxpfb5cThc,HUAnFVknuEfzsybhCqKsLZoST3UCxppxfVKJ4mT9u4mL,,,
stake,delegate,4C4AitkQ8zYpBoee4mFgihadUPrYT1Lgo2no8D5JeNHrTNS3dk4A8EsTUiiF8D9bLwCotXc83h5gtdthQ9jfdswC,null,204566826,1689009754,5e-06,HorgZVcwCsKhTUe1RzSEfpoXg7FbHSTw1QPxRzxHKxfN,,,,CUvqxPwyhBrf6bRhrwPmpyJgpSdy6oBGzzRJwkXnLnqq,HUAnFVknuEfzsybhCqKsLZoST3UCxppxfVKJ4mT9u4mL,,,
stake,delegate,4jqjzZDp4hiGfqnS1Rv6qpH3P9SNaxq4eHmM6xHogGRVNThxUdpJueLbBy9SskbZ6HeJFpCBwU8soWv78cLRbawv,null,202455077,1688071319,5e-06,8g3YB8KxpWEAAvcjom5vSqxJAZczZBgB4pEgsssts86K,,,,Ah8m1CosbaS7nyTHWRSBQ5Uru4q8B9SNuNep9PAP1YF1,HUAnFVknuEfzsybhCqKsLZoST3UCxppxfVKJ4mT9u4mL,,,
stake,delegate,5oZCgr1HuxjAumPLHNZGrCKyLNZPgjtUAtKC4hmDDpVKdSCTHvgzUXHprFnToKP2TeRazDY39BaSq6RWuyYjb7Db,null,207305493,1690235066,5e-06,DYG1ooTxkLS5iHDkte2XK4QBrpHziDR6EEZg5VsqNpVo,,,,9A4C9k9Dcy3MsW4SL9rJZxHaqJw3VL7sHJFjHapjqUHN,Er5zuVZSrv8hwWo3gUt2XWDwTSLUhgYD64gidQKJ7G7q,,,
stake,delegate,5TzwKD6BhQLiSpCmQdV6eZ5my2U9xuojUe934Q8BuxY6R43mcimry3MoMpVDpG2NqigTtR6VmjEqKkpFk81tDDzP,null,202455034,1688071298,5e-06,8g3YB8KxpWEAAvcjom5vSqxJAZczZBgB4pEgsssts86K,,,,C7LfS7ejfWzpGmwhZ4FJmnpWBoqpU7sLteEyiRxC86x3,HUAnFVknuEfzsybhCqKsLZoST3UCxppxfVKJ4mT9u4mL,,,
stake,delegate,5V2mH4vvrYbzKCn9VGxQtBvVLvFUXStDD9a5TXrZJntV6iUSbp93bJz8Rhuxgb56qzrwSsRaHsHbP4cszTq5PU7w,null,202455555,1688071527,5e-06,DYG1ooTxkLS5iHDkte2XK4QBrpHziDR6EEZg5VsqNpVo,,,,9GnNmtKjLbmPaqSqL3ryDSNYWKH1Sf5r5feqCa6g63bz,HUAnFVknuEfzsybhCqKsLZoST3UCxppxfVKJ4mT9u4mL,,,
stake,delegate,664qCWAScUBjv3uQoqqR2HtNkpSk3QVVJHh1EnrSdnWGKd8rkV5XTEHQRvYfrfbfy3maKpcZXTRunX7Ya8SN4PwF,null,202455161,1688071357,5e-06,8g3YB8KxpWEAAvcjom5vSqxJAZczZBgB4pEgsssts86K,,,,5BDzhgjG7Gr2VcziV7U23SEABFU9pHRrFDQE1m8NhPtx,HUAnFVknuEfzsybhCqKsLZoST3UCxppxfVKJ4mT9u4mL,,,
stake,delegate,a8vWA4YUrGW4KZX6mT2FTbrxqi7kG4ZCEptZoNLq2rHvNHFyP35UcXRP1EpU6TsjDjmjn18UKhjmCdMr2ENHoDg,null,202455012,1688071289,5e-06,8g3YB8KxpWEAAvcjom5vSqxJAZczZBgB4pEgsssts86K,,,,5BTdKWo4UhQ47D6eRcAeEzJXjryAupcvKNHDk2CcKMcg,HUAnFVknuEfzsybhCqKsLZoST3UCxppxfVKJ4mT9u4mL,,,
stake,delegate,fMGPpXUQ3s5dTXmRQr9AKrxRXjoDMQcH5tEFJq7bc3iSqUKidS7yYncWuG35cw9yAfuFY644CMbr2i5VxzAuKeJ,null,202455119,1688071340,5e-06,8g3YB8KxpWEAAvcjom5vSqxJAZczZBgB4pEgsssts86K,,,,BjSpDZAb78s4wzf86eWCR6Ge9BrFPucgQNwU6yJRka3k,HUAnFVknuEfzsybhCqKsLZoST3UCxppxfVKJ4mT9u4mL,,,
stake,delegate,KPNXQpBaDoshkSaR2QKEs2bwQyiHoJCmbeKbryni8cvWbGjssLvZHannpnXDzv5NdTkyd938oqKsnoVuPWE8qHg,null,202455059,1688071310,5e-06,8g3YB8KxpWEAAvcjom5vSqxJAZczZBgB4pEgsssts86K,,,,8WZyqb3RhkNtyiCUfGDVdHmowRgfo5iC7p971BNeTb7b,HUAnFVknuEfzsybhCqKsLZoST3UCxppxfVKJ4mT9u4mL,,,
stake,delegate,vL1pSLLQVt7YvQv6NP5xgqAk7CjQzmXbYRNhZrhakh78TteiwCT2xQ16MNCpZYt5yNuegNZVVB8eAzgRA49TNsM,null,202455139,1688071348,5e-06,8g3YB8KxpWEAAvcjom5vSqxJAZczZBgB4pEgsssts86K,,,,3FNSknrQSSwfjNbPsS1QMCqxSvrFQWB1dTJeBwzw5ZVu,HUAnFVknuEfzsybhCqKsLZoST3UCxppxfVKJ4mT9u4mL,,,
stake,withdraw,2ASGNdx2aY4VX8kid5N6p6JDkwLfgQNsTE7mUdKJ3pk59KP9VGp2hxWLgUTbJuEiijm1RiXzysFKdZAAvXsjccD6,null,214795312,1693513551,1e-05,,3EkGsPthKtsWbm1j9msaD6KMYTH2NtSmkGJjDjgzKYGp,,GgHHQH44ANTtov1Hma56G8yNUFpUCP62zgRfvG2fCqQ8,9uyDy9VDBw4K7xoSkhmCAm8NAFCwu4pkF6JeHUCtVKcX,,,,1000000.01
stake,withdraw,2edNvWXECQ79Rx5uRnRZVbsnkG5bQqZitub8mRYmb2ESpcrhxoJdPv7Nca8A7eh2NZFTwkaNZaokrpMwm1oyCZ3Z,null,214794964,1693513400,1e-05,,3EkGsPthKtsWbm1j9msaD6KMYTH2NtSmkGJjDjgzKYGp,,12MYX8mEKybuHeB2Ym1SDYR1U2wRj65VBzFsrXx5KMpR,9uyDy9VDBw4K7xoSkhmCAm8NAFCwu4pkF6JeHUCtVKcX,,,,490990
stake,withdraw,2mv2cyZvVsZnMpAyPshiubHcv66KJZWSzTFnMurUcXpkm2FJyb5uR9VSEup6TL42UfsCkQ4VgkDncV1Lt3ccSYHH,null,214795102,1693513458,1e-05,,3EkGsPthKtsWbm1j9msaD6KMYTH2NtSmkGJjDjgzKYGp,,a26uGSiqyAeuMdtYZMGK65k1oknbLxguBUbf8nkeqyG,9uyDy9VDBw4K7xoSkhmCAm8NAFCwu4pkF6JeHUCtVKcX,,,,300000
stake,withdraw,3kEAt47Sr1sqx5VGk52umTbZVHFgRwRsG59kVMW4PnejurVDDXxHuAqixWm98x1DQZdTZZxEFB9fpHgk225esJ6i,null,214795651,1693513699,1e-05,,3EkGsPthKtsWbm1j9msaD6KMYTH2NtSmkGJjDjgzKYGp,,Eb9crS7VJtXGMpfUVdaPiSdZzDXEV8AzvjQ3RCeZ6Kgp,9uyDy9VDBw4K7xoSkhmCAm8NAFCwu4pkF6JeHUCtVKcX,,,,300000
stake,withdraw,4FBuqHmNDbudXnEcmWFRfPHFvgySRqHhRC9W9yMcfVNqMJY2iuyGaYWPw5NJKA55YZokhGQ1wMRxTxCH6vjdtPSM,null,214794105,1693513010,1e-05,,3EkGsPthKtsWbm1j9msaD6KMYTH2NtSmkGJjDjgzKYGp,,7WhwCsK1YM3gGmUxQqXpvW7PekrgCVxDPrUQFKfhRiZ2,9uyDy9VDBw4K7xoSkhmCAm8NAFCwu4pkF6JeHUCtVKcX,,,,0.1
stake,withdraw,4i1YyGJxy77btPxgkGPQeZ8Labgvr345DRwVsXiMEDE2bjyZZB9EHM3QapovaTNTSjdz1qvUNJKSiaRRzyvstQEd,null,214795513,1693513639,1e-05,,3EkGsPthKtsWbm1j9msaD6KMYTH2NtSmkGJjDjgzKYGp,,EavG7uaZH6itAovXHZ8xGTzVaipQj6jfBECwCSpPA3EN,9uyDy9VDBw4K7xoSkhmCAm8NAFCwu4pkF6JeHUCtVKcX,,,,500000
stake,withdraw,4K2wGixFaFQN6WNLC4PdHwKmuMPKuk2a4nRMEqq4MGUaqN4C6VHy7nPJQf6WjPqdo2Gcv39qz616jhud96ezjRmm,null,214795192,1693513498,1e-05,,3EkGsPthKtsWbm1j9msaD6KMYTH2NtSmkGJjDjgzKYGp,,7HSNcjjTr2Tx6YmvfbV1VfXJmcG4kTCqVdDioqtfTfeH,9uyDy9VDBw4K7xoSkhmCAm8NAFCwu4pkF6JeHUCtVKcX,,,,500000
stake,withdraw,5KcZDFXiLBMX65jovYvUpj6iRkRV8kn4Bzye4tTZE5KtjSQusqAfJXp7CAFcXTjvvrzfJzxVCPbWcepVhQWXoLVD,null,214793465,1693512718,1e-05,,3EkGsPthKtsWbm1j9msaD6KMYTH2NtSmkGJjDjgzKYGp,,2JrGkrgbnNkKnKzVSe8MRnrrb27ZEG4pM1VYcu3Lh9kU,9uyDy9VDBw4K7xoSkhmCAm8NAFCwu4pkF6JeHUCtVKcX,,,,10
